h_c,alpha_deg,Re_million,AR,C_L,C_D
1.9471888932322174,-0.7653104963922459,4.362958964993842,6.0,-0.06994682148307614,0.01830239854418308
0.8823814699152238,11.006481738175829,3.294090042889781,6.0,1.0966501336189474,0.06130661380419067
0.2188232194149646,-2.483573146221328,1.372630765407146,6.0,-0.3026931141945499,0.020712428314177692
0.14793014303273438,-3.9216093601827904,3.5956153462506526,6.0,-0.5025560395100069,0.02207996430292406
2.45848369368079,1.1667328586236536,3.9154955102692854,6.0,0.10465673196957524,0.018695311158906137
2.746991174105393,11.851915491859552,0.8392493241245647,6.0,1.0547599569077595,0.0809748618164509
1.8592437497248215,0.2351220542150383,2.2076893251597065,6.0,0.02157699379125167,0.01852879176437607
2.215540026853595,9.291108248283695,1.9708150889561398,6.0,0.8401072560374804,0.05522657965742783
1.6765124752497265,-1.2301818076725528,3.0669409517516,6.0,-0.11397598984228997,0.018867499708918017
2.811710028984528,5.382053676774044,3.438739482657296,6.0,0.47821991103567163,0.03078509811937225
2.4659753069524433,11.334549362870272,1.316245047747626,6.0,1.016487963344152,0.07430306710864687
0.10794165049342948,7.464211753052913,2.6134674625117147,6.0,0.9901290029096141,0.03214026321935889
2.586472402103951,11.688127602855781,4.964755489411526,6.0,1.0445698938398065,0.07697841392474668
0.19739816838584662,5.192906385424635,0.5713368765231835,6.0,0.6417662000228759,0.028232390033493697
2.216000794646838,11.733355304854742,2.169471253230666,6.0,1.0609190505387642,0.07691231515933251
0.6094012997474211,9.392752507520061,2.004406087353372,6.0,0.9848942246722747,0.0474155191320339
2.603218874814671,8.451971617630852,2.325123590101472,6.0,0.7550068087442036,0.04931906423271361
1.670237538722366,10.215838190584003,4.411371719861067,6.0,0.9468329360645317,0.06046389345698733
0.9691644825584158,6.103864276185867,2.4723726723476322,6.0,0.6009111408197565,0.031951522051467014
1.3257929414732095,1.7018327420251431,4.47385100673199,6.0,0.16149349661022208,0.019173722821504834
0.18212704632184262,4.452519040911888,3.089929293636074,6.0,0.5560953203729776,0.023434236007596667
0.4604215018487354,-0.3759936690821828,2.4107796272058506,6.0,-0.041091048458632845,0.01847301564735486
2.044810802611528,8.440705982107286,1.635363894459856,6.0,0.7682368993271842,0.04871485309309685
1.9768495835653253,-1.2787439741621363,4.2062623489473365,6.0,-0.11672050268221913,0.018758205234961172
1.8846168232956362,5.235167183785451,3.398902331014737,6.0,0.4798487851282578,0.029549135089860887
1.212664907359462,4.574382873265829,1.455017314469717,6.0,0.43840756332120856,0.026965397312271044
2.991908813788712,6.750444855643048,1.0853172205478756,6.0,0.5973659617334616,0.039371188360422686
2.9444224824510674,8.167785578644,1.0644409789391884,6.0,0.7235371520324708,0.04861777527268871
2.0880717549940147,-2.2427538229774573,4.590823832821873,6.0,-0.20376957378600236,0.020152204421995154
1.9863319011766674,5.999055386687736,2.3152619191822623,6.0,0.5473538522901475,0.03350038956539193
2.0964955186557264,2.6232941194430843,4.191385074624301,6.0,0.23826487685188094,0.020974515738526617
1.227872129539401,5.827222970687259,4.5291294174189956,6.0,0.5576910160822757,0.031043109918863714
0.49177986456499256,7.103752690343924,1.5184987150742788,6.0,0.7687370961103722,0.03463250628293
2.192316186562837,5.36767337216995,0.6465755741657495,6.0,0.4857568897358531,0.03289627922982765
1.623527535179605,7.726177229739443,1.3115123894555725,6.0,0.7180420932137996,0.04326245955578202
0.9997014391209713,4.320404115274368,3.9784041754749775,6.0,0.42368911525667774,0.0249353399712754
1.5089225406121884,3.4058849460683476,0.569359292545229,6.0,0.31883685021512864,0.025740957761540974
2.6795147196121007,0.5883018471765631,3.0385942700803708,6.0,0.05244576738482404,0.018408129373271468
2.808726196273124,-0.33357328005269515,1.3607004451462106,6.0,-0.02964161645396442,0.019118241443840514
1.1376060704563038,7.124833697469095,3.9499730707110543,6.0,0.6878985786544597,0.03722788896601616
1.7574365091163067,7.131381644999323,2.6571906339325473,6.0,0.6578024641763961,0.03919872837068589
1.0334212341202322,-0.8722797923744583,2.9708597258454525,6.0,-0.08519290131201032,0.01855380435137067
1.8234700875791208,11.549398665777794,1.8203371560512758,6.0,1.0617334184828195,0.07370426670924872
1.0799425539706864,6.738412484630336,2.554603266641618,6.0,0.6546171553909119,0.03529275489583056
1.2356951015316677,4.49945797135722,0.7057067132560921,6.0,0.43030957230417644,0.02819600369337858
2.6817956208138978,9.458805624719481,4.14283841181464,6.0,0.8431810080125411,0.056843911734011945
0.7587570212468011,3.784326932850478,4.583745155192602,6.0,0.3847422399861552,0.022956511569205106
1.907242719589523,3.615117921605229,3.8869138387326485,6.0,0.33100833631688453,0.02354188751435736
0.34364449638891603,0.1323904012405901,2.7303002260153315,6.0,0.015117978477100226,0.018337594686711235
2.5146680281948535,-1.5018322977489227,4.29702957249812,6.0,-0.13449192099884397,0.019036302467434898
2.3825850917171816,7.385929262094679,0.5171939410962061,6.0,0.6640805476530979,0.04480878199679104
0.7941713846795612,9.50577549182468,3.4968083314469482,6.0,0.9604512922893429,0.04954627707158349
2.641804269351041,6.844780449535344,3.9532366279199755,6.0,0.6108020685471638,0.038374096216731816
0.2698473009350636,1.9011442671352032,1.9699530673652155,6.0,0.22496142236708375,0.01961765373136065
1.0747394755824151,5.2115534595048345,4.3545726092479,6.0,0.5065811496691947,0.028163336122219815
0.5358104539950332,5.014599578783839,0.5008550072330458,6.0,0.5357978653466868,0.029572843843624824
1.4059841632829322,10.985057335588703,3.3445409514738684,6.0,1.035884098152036,0.06569503145792908
2.4093403838331535,2.2027873912910287,1.85460791441277,6.0,0.19788935434919067,0.020757244058515402
0.7688624060818675,-1.3634775669439438,3.328825656920686,6.0,-0.1383707143040736,0.01884148060982116
0.25086177308678786,10.030926293264173,1.63111396797632,6.0,1.1994287850449648,0.046401630811970525
1.273200335482432,10.315655950189894,1.4440094153912695,6.0,0.9832539734157794,0.06003895197147099
0.6756878290768404,-3.227750479969675,3.3177217406249073,6.0,-0.3334935507885608,0.02168739860777569
0.3631838322954535,-0.8284155065682821,2.7362066927728095,6.0,-0.09381904387657448,0.018531741937435807
1.782963919361867,6.180538457591357,1.3427630973906433,6.0,0.5693392008453353,0.03478445525384667
0.9662187851748755,8.621522490157407,4.487787184605354,6.0,0.8490936354092491,0.045045397650033556
2.0487851460734423,5.707080107848807,4.470739978943119,6.0,0.5193493016844438,0.03171654470103067
0.6785947875078185,-0.9345728619750684,2.973057822632679,6.0,-0.09650224916135909,0.01856512748872376
2.8321280204688435,-2.1177347958048145,3.6774321239167658,6.0,-0.18807913098166873,0.020096441934720034
1.1588194879100029,4.095562145042937,2.5312403077409127,6.0,0.3945723527610271,0.024733751056218226
0.40593631075366565,9.048166506544183,4.106495139668906,6.0,1.0077261321077216,0.04257642976892874
1.9244136394651568,-0.5269251028459809,4.25235310826461,6.0,-0.048208557850560406,0.01818578806926459
2.7887482038968154,-2.797876882035462,3.938718646777403,6.0,-0.24874150674207623,0.02151138560329202
1.3770937486757735,4.816719932692875,1.5941697767665326,6.0,0.4552137763961822,0.02794915667595137
2.868312431703138,-0.9309256298359259,0.610198070890924,6.0,-0.08260707404420231,0.021255339540714537
1.5496978596941764,-2.9212204722516866,3.4621388523108982,6.0,-0.2727337264378287,0.021599332924892477
1.333163012062319,8.372233568660292,2.350659625175427,6.0,0.7939958182359915,0.0457492648730468
1.8986190108445957,9.139625697246759,4.524173803012571,6.0,0.837178656247462,0.05270754694831743
2.98577986518244,2.373368817571766,4.3693138739601896,6.0,0.21005377253693605,0.020520767044721066
2.8519366573195195,0.7052217626925508,2.901884422978571,6.0,0.06260268309087208,0.018505866142644847
1.4341309039963788,0.43393423099132455,2.1984986779498064,6.0,0.040834839589898246,0.018584114662380767
2.297413651394045,1.7755428132536135,3.7084529341640993,6.0,0.16008811548286866,0.01948242364391777
1.542525816914095,5.230522289860193,3.692163629805818,6.0,0.48856325409089296,0.029102085034967067
1.6350052645706343,4.445121249799637,3.570273019121065,6.0,0.4128311390471685,0.026159850461783242
2.378778532070042,1.685586898763141,4.2909082445315105,6.0,0.15157213538331687,0.019281575197120433
1.3025019631314454,6.198735667810903,3.09793363360172,6.0,0.5893614470491177,0.03313931785758547
2.230002358187315,6.8122790711593595,2.822195659280924,6.0,0.6156518213072466,0.0380070329273656
2.1623143461702745,4.932463167600549,2.8260866012333072,6.0,0.44686760873133075,0.02859357266560436
2.8029730911787967,2.1967186408299835,4.50041296108706,6.0,0.19522929831308686,0.020143466986326297
0.43330463651462503,5.982444511026149,2.1503801004243264,6.0,0.659782564219736,0.029380158115184764
2.2141438395212973,5.470444531425768,4.2886213691468225,6.0,0.49466551612687115,0.0307573527547709
2.789529393011224,1.4451817180906623,2.7720030369118067,6.0,0.12847951759358134,0.019229608533499535
2.9069859507814746,0.8512162026279242,0.8840252784619704,6.0,0.07546732185151835,0.020178530502248913
0.14264828439957095,4.7319820643085855,2.5204189429066832,6.0,0.6089975797994804,0.02408348101206441
2.60455626171217,5.797467824029612,1.8103837894064285,6.0,0.5178635338131575,0.033224627746089884
2.9454656161923984,5.77277502274894,2.875482700987281,6.0,0.5113651814738647,0.032851645265276924
2.875909520871794,2.1254081423656785,4.339894349009276,6.0,0.1885682658242056,0.020030156293681354
0.531415635474244,5.052382515460083,1.307549872492058,6.0,0.5404918875025903,0.02721519345163558
2.9206235600865695,11.772314163142706,2.638510809314106,6.0,1.0433929255273073,0.07885094688780092
2.6808131115895097,2.8483923047032267,3.12126013280836,6.0,0.2539191127983379,0.021755630983323865
2.4848840998749044,9.488235433439849,3.964191401753686,6.0,0.850430713509609,0.05680647669919901
1.4919649790427134,-2.698820939088689,4.734396331256185,6.0,-0.25293640516918814,0.020922316563142647
0.7738814669539811,10.00365205923155,2.977735465557845,6.0,1.0143079569801081,0.05281065109652549
2.425453678283093,11.067298488478182,4.647281084880705,6.0,0.9937439803371597,0.07054586229820393
2.7782374633720615,0.18982425366299616,2.014515330554932,6.0,0.01688038648358806,0.018608456365359106
0.8717777896476484,-3.806377349244917,3.9394389709294706,6.0,-0.3798540868256791,0.023247994150624604
1.6629097821043421,3.728134614940789,3.9367645624298047,6.0,0.3456793637973316,0.02375189927041834
1.3839832040261415,-1.076603877403553,2.980755413470748,6.0,-0.10169260708658141,0.018725772722847627
2.7999502163453496,11.546100068564286,1.2820492342737095,6.0,1.026212854009377,0.07714373900182242
0.21748106244646043,10.363174961880773,2.2379193304712377,6.0,1.2641090388995655,0.04728991310564712
2.2228179674040263,11.370638174884347,1.80882553207652,6.0,1.0278714032640788,0.07356331937831101
1.8816824161520902,5.661914523852044,4.85095378669288,6.0,0.5190355814100663,0.031297428087859624
0.18225955882921108,4.242565870442274,3.4008010743895736,6.0,0.5298235989636662,0.022897876904783978
2.185737341197547,9.323485590083694,4.590670265428963,6.0,0.8439485380333257,0.05483870329229145
0.14637601561835872,6.437583451024338,1.832718963354743,6.0,0.8260081354424106,0.029252246363636
2.2980579068336415,-0.023077178124077946,2.430230263636048,6.0,-0.00208066034500216,0.01842319418244416
1.5870002974600264,10.948576612125795,3.053175465643533,6.0,1.0197853647920638,0.06652839862111311
2.794402240311318,3.0351911994485015,2.0962768252563917,6.0,0.2698027006361637,0.02256026571792837
0.2916392404998167,8.376899652948785,2.5542483221927696,6.0,0.9801009661147462,0.03810362278808646
2.5398201108759113,4.015007311815788,3.196881757405089,6.0,0.35929171680948846,0.025171740061104356
0.29340102542459406,-1.0663001103179592,0.627286884577598,6.0,-0.12464756120414004,0.021108199963640703
1.098498938531963,0.7348295521506127,2.0291501970372856,6.0,0.0712412685074594,0.018787483943984933
1.3478663226487166,5.190572300845075,0.5009976486963418,6.0,0.49167416098907313,0.0321079492359056
2.9015800342738034,-1.7119666517715117,2.671419299007528,6.0,-0.15179846680590808,0.019627282221594922
1.7304723424625255,-3.7801942621363427,3.236002992861981,6.0,-0.349188835066192,0.0240603347143565
0.8507073201957035,2.942259589598903,0.918457070295504,6.0,0.29456558722684106,0.02283161028161362
0.8008595708736004,8.195154749747514,1.5894248096515853,6.0,0.8270922277234709,0.042222897807206165
2.6755431299116217,5.826516379886208,4.1179631947655615,6.0,0.5194743098502175,0.032790015063302605
0.7550213424102407,1.1863420129180167,4.28126701932319,6.0,0.12069374940126226,0.01855012901692999
0.4612086469223221,7.475855028727892,2.244799644216641,6.0,0.8168013219531867,0.035657891613855755
0.936159195321975,3.752234129757973,4.164006787435521,6.0,0.37102174009323824,0.02315776533664269
1.7997568879569252,11.99202163611243,1.7471311386446422,6.0,1.103735012804413,0.07792221959023386
1.7068624563024768,8.416506439116489,3.6774870004106677,6.0,0.778462762216201,0.04703791444707936
2.4481612501470553,9.290103060348144,2.9545548064570153,6.0,0.8335886762540149,0.055319074301361085
1.725380260817939,0.15278249822044998,2.480445855061981,6.0,0.014116905892762653,0.018415845293084702
0.9364215218505104,-1.563280594418977,3.453990242781995,6.0,-0.15457201378227972,0.0190604305892936
1.297399393774589,-0.8111374542879997,0.5602580559373547,6.0,-0.0771543179210266,0.021424605268565104
2.4725508158156404,2.9162394295402567,1.230995492187599,6.0,0.261478372582434,0.022878747400566078
1.916868741017285,4.194385913934406,1.8222055897458043,6.0,0.3838777562785775,0.026009171275485857
2.8813251638225825,-0.8862504362842483,3.562531743963192,6.0,-0.07861922815836023,0.018503859867416247
1.1712727921658745,8.479116335817306,3.6780589101261842,6.0,0.8158786967957093,0.045396553197295075
1.702573380511733,9.894898470675674,3.56342370883712,6.0,0.9154199024824061,0.05808041196466114
1.822380184678188,1.0560797721638533,3.9542769795368407,6.0,0.09709040872672706,0.018565656433096416
2.560044503997674,4.12902714810064,0.8579820245618057,6.0,0.36928362501442213,0.027283340718086996
0.5218732607409421,5.509993640204142,0.976500087869096,6.0,0.5910281724562106,0.029226382973723396
1.2788799765695673,7.558050782897979,4.349080221179513,6.0,0.7200528820747576,0.04011860486349905
2.7388809888206613,-1.6404407285542977,2.1057698883251046,6.0,-0.14602039162597236,0.01971792013997523
0.2248939768477921,0.4939369824505029,3.057670807175794,6.0,0.059973685718869386,0.0183198351608824
2.4858482125263555,7.691295933734445,2.765762625800364,6.0,0.6893513409951384,0.043755056518979346
1.3046137083765514,5.091077028682026,3.3199815710193104,6.0,0.4839618573604635,0.028252285714271567
2.506431557306498,10.399132695023175,0.8462602005257852,6.0,0.9314849430308073,0.06649608026854092
0.12886822634114667,3.1657337918198944,3.964056018648865,6.0,0.412149238808265,0.02062415635787654
1.158633857498985,2.5058055205415677,1.0553104767341916,6.0,0.24141740581192492,0.021869775139233227
0.32802710778035565,0.9041154804912352,3.5661850782531586,6.0,0.10396135690672809,0.018395439111549377
1.9925822713762515,-0.29803883752407145,2.309639446178198,6.0,-0.02718575789510678,0.018503066253127268
0.8941623859387158,6.412261356214373,2.715177362279623,6.0,0.6377968302436732,0.033009709419753674
2.13769100491338,0.23497602916312843,3.5226218046233506,6.0,0.02130800268387853,0.01819106663916929
2.837024138132063,9.796408330288758,2.169512378130366,6.0,0.8699330078095029,0.06031113017522095
0.4677695965576185,0.33037433043373277,0.7071686210816249,6.0,0.03601997095829412,0.020461806889687403
2.6078570566622448,6.773754099602364,4.838951982747225,6.0,0.6050166683759066,0.037837728928757176
0.2724460396409816,5.090946270427711,2.8520460473356217,6.0,0.6015751269993053,0.02550077587233648
1.2042344741015794,6.055340766062534,3.8396508847738735,6.0,0.5808034553177273,0.03210264709599962
1.3463447774178723,10.32666841010941,2.8908267517587762,6.0,0.9783071801553112,0.05990573081319306
1.5176636858170465,-1.2801847764893957,4.188591062014875,6.0,-0.11977261381896055,0.018732079441097525
2.931740733614529,-1.6029512659926066,3.0407728058947665,6.0,-0.14203609848296483,0.019379628777930754
2.3495044454953025,-2.0495644586351,1.052405952742382,6.0,-0.18447571706409896,0.021294889267616295
0.9956863518858569,-2.7769756653085285,3.388579540951124,6.0,-0.2724658402712842,0.0210104761742506
0.8825266779523204,4.54769637765985,1.2773330124664293,6.0,0.4531080024402005,0.02652400710247449
2.6030485921490216,-1.3483015687636453,4.206443607574824,6.0,-0.12044309243311373,0.018860760934527473
2.6557908009393008,8.914686881495838,3.5647772021276696,6.0,0.7952177734825787,0.0525588431253808
1.5810488660765714,-3.638231511249918,4.729138871643984,6.0,-0.3390019223719539,0.02334984365654033
1.0984576197907432,1.993711547757723,3.330863552936797,6.0,0.19328996187408598,0.019686297924936348
2.9852603096666614,3.5712635422171015,1.5132339385464697,6.0,0.31607635628451913,0.02449836989586904
1.0162362815663306,-0.5355471891708081,3.0071189562137737,6.0,-0.05241307813871258,0.0183704633507854
0.629865898887031,1.6944995122766482,3.9729752463195367,6.0,0.17683664858908055,0.01904839407109877
2.6522845517818023,-0.43533703154476555,3.703497338862843,6.0,-0.03883701270890296,0.018222049029604122
2.4557726545226366,0.5092497013556123,2.040335177006683,6.0,0.045683779331040134,0.018691574758906433
2.0368792761569186,10.829936971657464,3.449080177717119,6.0,0.9860167960927042,0.06736210312183304
2.8793995321560604,2.6748058609572176,4.7087107758548346,6.0,0.23729235350404204,0.02114405835888759
2.7845722739218144,2.1738390601715203,3.5816451939479093,6.0,0.19328184901790466,0.020212775277391893
2.269920659575087,5.778791238946788,2.1528563101361096,6.0,0.5215220542027456,0.03273539326613826
2.5960340876882655,6.626269707976089,4.598412486725429,6.0,0.5920349736212801,0.0369968449603645
0.8167255469341117,6.564424718842956,4.224308867276776,6.0,0.660769566869007,0.033132972711395314
0.5096150150129917,-2.643856524415778,4.348326921202254,6.0,-0.2845941262995729,0.020253732581942536
2.0431793630133144,5.310441264555028,0.9807861951198573,6.0,0.48336603700621406,0.031469811192806764
2.1723937562987827,7.77477759836761,1.808729751383096,6.0,0.7041088059706219,0.04427720640531786
0.5844534934685893,8.729093858295192,4.05557511197091,6.0,0.9208721901425555,0.042747694563836675
1.2471160920041404,5.416548031029642,1.736633731481079,6.0,0.5174809033191637,0.030021920499124208
2.739741722026559,-1.9108310682470737,0.8316767100103525,6.0,-0.17008495974079613,0.02158979832357215
1.7280622258956466,-2.660154817651536,3.5746970561266362,6.0,-0.2457591627458341,0.021051943467556206
1.7771741532861909,1.1688590896930862,4.096714804155675,6.0,0.1077051903712615,0.018649245566370567
0.6629763413833013,10.840940951455403,3.3879551366316405,6.0,1.1231097333567142,0.057327015947163745
1.625464520991838,3.5618804613357185,2.0517950139125203,6.0,0.3309895815334582,0.023705893126688297
1.6179607094452677,10.32758251436237,3.0189799353539692,6.0,0.9601274223884472,0.06136424210246155
0.3579133567141888,3.3547992524323984,0.596839781513572,6.0,0.3807682594620206,0.024234820493660623
2.947633810067448,8.081889704962032,3.031977450888762,6.0,0.7158774838139454,0.04679131213174749
1.757047241321746,3.762034811034246,4.355605286217852,6.0,0.34701922153937975,0.023860222373917127
0.11858575972649948,7.339236182918141,0.8512395575655652,6.0,0.964144295298475,0.033381920710914115
2.340682683553627,1.0748684266748736,2.224937284465244,6.0,0.09677384767404745,0.01899222740303504
2.9369705701364226,10.237844218187261,1.24188672886919,6.0,0.9070611105014296,0.06498173212267702
1.8106230821307565,0.25132909978533036,2.2100355348496543,6.0,0.023119436306924594,0.018530981191419
1.0270767452197285,-3.9011707394515494,0.5585345301869837,6.0,-0.38130302126042076,0.02678566449499533
0.6437723756105762,7.538652577869472,4.224933139240154,6.0,0.7842716061703526,0.03687109100711078
2.050327238358921,6.825671411913273,2.733094896535705,6.0,0.6211028875787383,0.03788649739154095
0.6658114555247345,6.510423198810834,2.4616312950302546,6.0,0.6740647216169086,0.03254093866432034
1.7752948883017918,6.9986400370132245,3.2080762203640303,6.0,0.6449564298525295,0.03833419765511435
1.8464936115009147,5.38022737629573,4.325126919147052,6.0,0.494044199493918,0.030023109111859014
2.8910269700607047,-2.155536750743769,1.8106732617097445,6.0,-0.19117519103106273,0.020730985993535834
0.30956927003664264,6.707259558080821,1.703826375823758,6.0,0.77789580290165,0.03155060033776371
1.5499211886099937,-3.894423619508723,0.7227239347047277,6.0,-0.36358960545782854,0.026448735255984138
2.25788268991968,-1.0745139367247898,1.6987959217998088,6.0,-0.0970127663319706,0.019268152837802418
0.6139575473765105,2.734054483125572,0.797953316921433,6.0,0.2863761071895268,0.022552232636291674
1.2253935221751058,2.0539100865384743,0.687013192282493,6.0,0.19661319482183975,0.022125692475663553
0.28239694551941685,-2.0965574013677184,2.9872875299466517,6.0,-0.24645443969381065,0.01949795059777963
2.2050545049497527,2.831321664638198,1.3272569933159957,6.0,0.2561065742463292,0.02250468375939466
0.3545268716025116,5.977875897973478,0.8341597492943962,6.0,0.6794529463591403,0.0304052050843931
1.245765954238106,2.039414904518944,4.6252163363600305,6.0,0.19486331395855008,0.0196297682981188
2.633215630250123,7.335991732587345,1.1693025161178048,6.0,0.6547860232999735,0.04258463620819697
1.4696709765750333,-0.30524647394756776,0.9267385582578552,6.0,-0.028652152332383055,0.01979509645253579
2.7466036075585682,-1.6987956436652247,4.868051262472411,6.0,-0.15118559571744622,0.01926389927176366
2.32115964144273,7.982397511815783,3.5013513375573626,6.0,0.7191437639840984,0.04535165809254692
2.754439484324121,6.699650076192878,3.7658931875142403,6.0,0.5961243982670383,0.03762527208899613
0.46946872624182834,2.8699310927162003,3.03441798119088,6.0,0.31273241821974584,0.020798649877727386
0.3133324254588329,-1.8117234429165912,0.8167537135408066,6.0,-0.20974544132859543,0.02098295969553048
0.3039461353507324,6.618939829263635,4.28844758185645,6.0,0.7697313999440436,0.030468214688018632
2.619677453607226,7.999291998819428,2.38113051892366,6.0,0.7142499917004368,0.04609915166874616
1.9388029401075855,-1.3769175486747844,2.266105209692782,6.0,-0.1258928533567754,0.01927186542882404
1.5400579120166737,7.028827790882946,1.1088915980197518,6.0,0.6566413543417515,0.03919030841867821
0.5742759069697928,1.6901933821085748,1.0094894862407622,6.0,0.1787636813857729,0.02050188527441012
2.0538269694090934,10.641897838234929,2.8501066980963428,6.0,0.968222500825388,0.06584657879995912
1.0222504247528144,8.02463500173426,3.0593461530610067,6.0,0.7847869860663177,0.04194386298843556
2.1615516034712403,0.3796987237343412,2.834084942357357,6.0,0.03440064344918264,0.01836664488378514
1.4350304537152418,11.008421114204864,3.2590610507939646,6.0,1.0358660652039273,0.06610371570028438
1.5716625955791288,-3.596275902325848,4.449395583893481,6.0,-0.3352897376282213,0.02324865355587466
2.390030624133624,-1.042815768345628,2.7689218022504924,6.0,-0.09373908690281901,0.018787775669725938
0.3689618790178042,-0.1295524616458401,2.2061645541494084,6.0,-0.014637277108006852,0.01851147671956363
1.7783996596381575,7.7132813339181485,1.654577161611925,6.0,0.7106997062733079,0.043243318031350494
0.6719813471580187,4.4186884880259445,1.8808098910471616,6.0,0.4568972360084296,0.025185451438357744
2.4435965802593476,3.4300065263050605,3.023631740115654,6.0,0.3078126521851396,0.023309873868543593
1.5176535047748538,-0.43946657964506386,4.0791755352486385,6.0,-0.04111601508154516,0.018167434594460633
2.967216466766677,8.10347376575378,2.485044634694179,6.0,0.7174818483936873,0.04710407656969516
0.6305356415595843,-2.1262974711745137,0.6834304728887648,6.0,-0.22186490655146948,0.022014743413520606
2.892755506360375,-0.0425404735223065,1.3466952668424659,6.0,-0.003772778757250838,0.019085906280683518
2.422659406164966,8.901765113199618,0.9079350504123145,6.0,0.7993674615905251,0.05377317403687751
1.4956554400682789,3.216759431457472,2.0000453631340025,6.0,0.3014022998540785,0.022721627770393646
2.459248786120943,10.029083785593743,3.5796949613192415,6.0,0.8995949167092265,0.061349777932498975
1.8482618251992373,5.626625667716096,3.1582162935719142,6.0,0.5166255800116385,0.03131655714116516
1.9998510855750027,8.632714351334112,3.479574154812083,6.0,0.7871925429572324,0.04934262208901595
2.7497032118514277,-1.001547633134063,2.545678089142066,6.0,-0.0891266146279872,0.01882123377381519
0.28928420759274504,1.0595498828234682,0.9940124162799816,6.0,0.12411496694434784,0.01992710178644754
2.5214657914793617,2.027296828810922,1.8331517976770428,6.0,0.181512581740471,0.020460614611499256
1.2072628619020926,3.907187294112555,2.7993221551465264,6.0,0.37465407575555154,0.02413877478251164
1.044082286692043,3.5594723916404867,2.7372423428269417,6.0,0.3472074269503808,0.023013838370556185
2.9826776365089542,9.15945852131955,1.596476245473227,6.0,0.8107072786197874,0.0555339775121655
2.365452456021497,-1.2289514894073186,4.213857011750864,6.0,-0.11055751353277753,0.018720322647676448
1.5080519024608046,9.623774634074433,2.44991001194168,6.0,0.900968014969916,0.05536508830182843
1.3256223496318655,10.224740706294554,4.304552563223061,6.0,0.9702787952755837,0.05873333018737667
2.644833827028209,-2.791695431022438,1.6947168364918017,6.0,-0.2491001654954612,0.02215208197378778
0.351763129423193,-3.8497540860610826,4.738728136429084,6.0,-0.43808075368910654,0.022332004213170064
2.1544143950502117,0.6840475651125626,1.003358058805513,6.0,0.061991215258960924,0.019791037950514807
2.3885484087449234,2.411916284185029,3.9613212073164004,6.0,0.21681819168897343,0.020594729355072183
2.417669501176733,11.527190507976114,0.590839038543737,6.0,1.035287243904021,0.07793507632219691
1.034631501745512,-2.8574624471442753,1.5634429859367998,6.0,-0.2790396668583771,0.021891183231235182
2.410253629963558,8.500884243652822,4.41748986939587,6.0,0.7636627188433108,0.04901443449932985
0.7534524814394289,3.60679925740366,2.0754724991507922,6.0,0.36704619276006795,0.02302575946073755
1.1506930564052504,-1.922023603629846,4.696157718764537,6.0,-0.18532227474904736,0.01942085935014562
1.3105995253927016,1.8572849387305368,4.682376502802855,6.0,0.17646654195622413,0.019365900011093427
1.6700889525274774,2.094422513294571,4.100866596020774,6.0,0.1941186833367617,0.01987027541489014
0.4265796300676158,-0.10283999516566666,2.282474521511671,6.0,-0.011368547747381913,0.018479437874547904
1.280148621853988,0.7098201203820764,4.3622082654618985,6.0,0.06761689554258458,0.018253085098002296
0.10087200131007644,2.7187012992412,2.5569695161796875,6.0,0.3630528577686701,0.02019907214781538
2.2587041064074573,11.396182318636068,1.0677748778853253,6.0,1.0288778341183387,0.0746886433942794
2.570440145479345,3.341769103705328,4.333812660136303,6.0,0.2987874143620051,0.022879418028365663
0.5029018694485728,11.202160193797079,4.173110169898531,6.0,1.2082191249543235,0.05734956434477925
2.1409787308737136,-3.5114868546631115,1.1100444820353697,6.0,-0.3183873587688397,0.024607965013242042
2.4811989563444525,-2.942235862828488,4.399369326403061,6.0,-0.2637414376052171,0.021775504690819878
2.947302136328202,-3.554945500843692,2.8353337389668805,6.0,-0.3148921987665259,0.0238256943474804
2.5469926308693074,6.6551142121976685,3.846158413304792,6.0,0.5954260639187849,0.03721012136429544
1.3299088077876373,-0.4762769421792772,1.7067920935984673,6.0,-0.04518055193495199,0.018860088592810346
2.9410972546780036,5.222722900688776,1.4695766771974232,6.0,0.46268494466382765,0.030873868965924475
2.92455477407183,8.725858169686793,4.317407667084551,6.0,0.7733143210036528,0.0513019785353865
1.560663239681679,1.3090226985360598,3.2009620912636874,6.0,0.12212845004779677,0.01891277354205298
2.284994961893325,-0.06916011665461141,1.1646745952389317,6.0,-0.006238307911331836,0.01931925430262
2.7501292362521723,7.606537394249198,2.1464153881326804,6.0,0.6768901750895715,0.043657203797184144
1.480826508709384,3.614364692793126,4.365661181996579,6.0,0.3390015488222026,0.023251839440276895
2.6049800991815464,-1.6126376632111903,2.6072761177136594,6.0,-0.1440485067092474,0.019490569089279222
2.134548841579431,-2.600878120484982,2.0158380302557704,6.0,-0.2358801083524983,0.021447147416925924
0.952380342326217,7.79468001823073,2.034292391978139,6.0,0.7690603852532687,0.040580171624414504
2.3261915829520734,9.766597358062796,4.210898910052855,6.0,0.8797376705599366,0.05877445131525078
1.7549858789925474,10.245793252536206,2.5443456239290545,6.0,0.9451995683575222,0.06140572774902419
0.37215094495658807,4.161424119755258,4.767590762306267,6.0,0.46956496005750625,0.02311069319083642
1.2350032362835262,-1.5447269381656454,1.9049006790570804,6.0,-0.1477406249984673,0.019564676045426267
0.3138489388536372,-0.3894814035443517,3.904161481260884,6.0,-0.04507975223028264,0.01815546335381774
1.4808841933292873,3.2563822243349616,1.785674717108088,6.0,0.30542413664705675,0.022935906806472076
1.342764863614479,9.629717977689818,3.9552746088911808,6.0,0.9125429780699708,0.054272610684707026
1.3288385846142974,6.403158701364299,0.579190894147872,6.0,0.6074690936814418,0.03701033440195644
1.8002710254132748,0.3873113112531872,1.0841944170271263,6.0,0.03564686040360963,0.019506419863357483
0.45580291451061294,8.09501826491487,1.6666560793828802,6.0,0.8860141540322815,0.038878066637968584
2.807929838874844,2.967042805129763,4.415413840841462,6.0,0.2636590742057205,0.02188289382307469
2.0837462994175957,11.724223123106645,1.9512426935596678,6.0,1.0654092934803245,0.07644919202886612
2.488965939339038,2.8596341997568846,2.6758649354036725,6.0,0.2562781639002233,0.021863511487422573
2.7007235735649036,9.39514158245674,0.9817003402013244,6.0,0.8370971804603745,0.05790381771275525
1.7916281360780804,-3.76733389822369,3.0500522870885085,6.0,-0.3468854351188349,0.024091794804359443
0.21663284062334204,7.491540241490691,0.9319754027452255,6.0,0.9143132765041548,0.034785848229754376
2.163311789941498,2.375655084558593,1.1372105202040557,6.0,0.21521978962681063,0.021744889998766892
1.7501749773637387,3.9841489278373565,4.1043757783598425,6.0,0.3676410598174355,0.02458931208139366
2.495275944294158,-0.8187871941507385,1.5975962880917511,6.0,-0.07336543650353544,0.019140217016486764
1.643265373075598,10.872184219631823,0.7756416999116591,6.0,1.0092398070717081,0.06807724983676414
2.458407876556158,-0.8056797859010008,3.208211961058745,6.0,-0.07227019053403357,0.018502127870013842
2.991329849910226,4.985387265202295,1.1592507020930596,6.0,0.4411764999433668,0.03019449211988285
1.1166089529668757,5.55752997722885,0.7376752568470979,6.0,0.5377544854970719,0.03189831871746682
0.5959621760599548,9.735094836792186,4.237485424379669,6.0,1.024092754634638,0.04887228353963345
1.2358569184163182,3.4666646349697583,2.2873226942937217,6.0,0.3315325939357348,0.023082113402476782
2.2838449706104615,9.27826049857518,4.394637842322819,6.0,0.836940716154832,0.0547047650249052
1.3737639023890889,4.382345027630475,3.848141606238002,6.0,0.41426919508339727,0.02564434257837723
1.806302317344723,11.301354550761902,1.4043381349547701,6.0,1.0398227239774185,0.07161231774274124
0.469339568572846,7.465725339716299,0.8816508314869681,6.0,0.8135632472299842,0.0370527562631218
2.2057581817085428,10.593684175744244,1.2711076358313802,6.0,0.9582249377065922,0.06674345499259392
0.9122389654128484,11.077768516938471,2.725610740102294,6.0,1.0990081125776587,0.062328384805904705
0.6527909251716528,8.83593850108894,2.109866628076694,6.0,0.9174105170847311,0.04445447665068156
2.602554995891264,-2.042119254471892,4.243919194260785,6.0,-0.1824239325978014,0.019872684343371676
1.736797181249723,-2.00914242825041,2.611583793741091,6.0,-0.18552783954495441,0.02001718087930451
1.505046932804126,5.859868004752819,2.996373651997202,6.0,0.548705835684647,0.03196119961612455
2.706588919220605,0.3393069241914546,2.243535100058308,6.0,0.03022735245322556,0.01854137161638665
0.34943606457690757,2.162437187620359,3.8970515226424767,6.0,0.24631785607951617,0.01947134668140786
2.118847905988589,-1.218749174021962,3.600229060787783,6.0,-0.11059820972305794,0.018781792415932187
1.0511486403173473,8.194746608966202,3.5859755033385055,6.0,0.7986979153990931,0.04301726325302478
0.608688274956735,9.671963258328754,3.9721747478107456,6.0,1.014342974112334,0.048651829801206116
2.056916084905109,-1.875125966971389,2.2937275792269753,6.0,-0.1705814802650408,0.019948390530490627
1.1521836575025148,4.269358988224555,1.03588628557893,6.0,0.4115911659136583,0.0264156073857804
1.056697914232414,2.3202068799613915,4.180700498667147,6.0,0.22599367378334279,0.020073577746971705
2.8366655191646446,8.640245087692799,2.0548511850248303,6.0,0.7672707766458796,0.0510804184076
0.6779651879705098,3.4398768028076354,3.612931772254061,6.0,0.355241788134596,0.02211427370074082
1.5853036077294318,7.692944786370765,4.948096592185553,6.0,0.7166208669149255,0.04183250682542308
0.16963828194691288,5.05766202527051,3.6579278095015324,6.0,0.6374102916460744,0.02477936963171813
0.5737674642971728,11.651969824312763,4.58008579009065,6.0,1.232532657968421,0.061783927789849896
2.6619143275373296,2.714129215167153,0.5600972688551962,6.0,0.2420697264089804,0.02435996603077747
2.3888178899327612,11.802733914561164,3.2167286143403904,6.0,1.060992714063424,0.07784547577228086
1.7148229211565718,2.647017332690158,0.9379521148468286,6.0,0.24472179710467454,0.022592541244405653
0.7451148483749448,-1.0773015777470594,4.426270838709982,6.0,-0.10979942348261915,0.018448903403029317
1.7174679896017886,8.51329696699856,4.821114888640784,6.0,0.7869566224735307,0.047608410672903674
0.13522492572947642,0.34750403765054116,0.6536910989105732,6.0,0.044998469945880415,0.020690060281421053
2.16768152971997,5.052075693360894,1.0996760766600864,6.0,0.45761241724144136,0.03021303863012868
2.1785769736348115,6.336241278261227,4.24742465817228,6.0,0.573698883748848,0.03506131241741102
1.9735305683424291,-0.8051638695518424,3.5909889214532753,6.0,-0.07350392828043685,0.01842755656844437
1.8728821843980836,-3.449489029151607,4.917459994637041,6.0,-0.31635112615379746,0.02293427926885004
0.3137776546111588,11.79253349695932,3.904291376835957,6.0,1.3649492665477023,0.05770364678866449
0.8145773102478291,9.078242289246502,3.1738553353605528,6.0,0.914130536389338,0.047014499690695676
1.7656963394840026,-2.0207159206483674,2.926594641679514,6.0,-0.1863111693932154,0.019958423815135247
1.243141621483803,9.567510881970534,0.5444031186838197,6.0,0.9143790568442336,0.05641333800262892
2.9768673628861904,0.13008322802574313,4.027166168973325,6.0,0.011515162448228452,0.018104024568043355
2.7788615363880256,-0.043444153786783346,2.228008038834594,6.0,-0.0038632731411028945,0.01849848319580702
0.5408229173153574,8.3618616061306,0.979939397817962,6.0,0.8922184261819545,0.04187484578013166
1.8108857186836391,8.117792197713953,2.960756587007333,6.0,0.7467352839661487,0.04541991874332198
2.119023807700024,9.535317502912651,2.164832330502874,6.0,0.8652985241370604,0.05686011276248759
0.49597590147256976,-1.8135678738134597,3.226360797286195,6.0,-0.1960081242587773,0.019246060475266318
1.0065273765933966,7.96137880360137,0.5750245702500817,6.0,0.7800905858817238,0.04431516913192936
2.1761617560839337,3.5171819883712985,1.242392502088041,6.0,0.31848277530602936,0.024444208608951117
2.713213470926226,1.2141345300381676,2.9292391841835594,6.0,0.1081436179392996,0.01892211334670156
1.0910536855977921,7.748846040782519,3.244583373007889,6.0,0.7518555831298285,0.040628338324634465
0.7929367639047137,9.522289295331223,0.8699637167277137,6.0,0.962321966068732,0.05137102224758871
2.483196807917622,1.1593721210107617,3.363700439502238,6.0,0.10391973361605727,0.018772381054740668
1.7964497726544673,-1.5230150934326083,4.285495167651996,6.0,-0.14020048210213207,0.019020914776541064
1.4821064229467342,11.866955493342209,1.7905263166036909,6.0,1.11293711544059,0.07471394125826997
0.8428350621408878,10.707039827806371,2.8459885038809487,6.0,1.0732577971364758,0.058659781023106615
0.3107092110801309,0.6374583970565979,4.5775367371541655,6.0,0.0738911330384881,0.018152400053621932
0.15188512060122827,9.030628927994641,3.6633185836059505,6.0,1.1536511174923323,0.039015087128378347
1.781913523635875,-2.5649084445378154,1.4302504758131005,6.0,-0.23628715951702786,0.021701133597974737
0.654219793034217,10.600734519258475,4.8492170374932675,6.0,1.1003017358770628,0.05531977682237253
2.9290456374377793,8.394435764240061,2.0393376978307116,6.0,0.7438681296350902,0.04934627717794981
0.41168396231982707,-0.8501901638315754,4.208910983730182,6.0,-0.09448867735790271,0.01829201806451969
1.4110574861486145,0.7309959519631875,2.5363286407557193,6.0,0.06890634199453263,0.018599015479098164
1.244513411505784,5.52887767745599,4.053954029915726,6.0,0.5283363670701293,0.029830776586711905
0.7737032783280398,1.6921226277022878,4.64415203358837,6.0,0.17157606278766,0.019018822317297544
2.271391602511412,7.779741055159272,4.562255002602252,6.0,0.7020673709947542,0.043788242993693334
1.9667438100329,5.477805909503898,4.120711072944203,6.0,0.5002207582841532,0.030604154120236697
2.204697286650423,-0.6875415589121658,1.9533754890504667,6.0,-0.062192224328772285,0.01882422838444815
0.34014487009983463,5.76175215814361,4.606833490087097,6.0,0.6589546034307777,0.02762710792934014
1.1229559055195748,-3.7750546376174103,1.190028983414362,6.0,-0.3650352402375584,0.02463360428438047
1.6075159155692722,-2.2120349551512923,1.6708773948020539,6.0,-0.20577675898639963,0.02077203241694777
1.3374913168176992,-1.4206749262935734,3.408589508322084,6.0,-0.1346849816991478,0.01897330832012806
0.21779092943096118,1.6588433923106223,3.866815041088771,6.0,0.2023077059082235,0.018855212810015114
0.6626796192123002,-3.8094441865437147,0.7265132743799367,6.0,-0.3946793601815183,0.025184893545697088
2.8405714800834168,10.878520378618854,1.7098887740998552,6.0,0.9659453387435969,0.07030641829227854
0.5714522017846229,-0.16785671244381817,2.160649461468981,6.0,-0.017766194352898168,0.01853471817490495
2.5709517641420483,0.33021680712090884,4.312609359624139,6.0,0.029524247264533444,0.018110801504272682
2.484197761286876,2.010277211284066,0.5086281088749656,6.0,0.18018484166553203,0.02326939071591841
1.234751895526513,11.05181945165507,4.50498011063922,6.0,1.0570412954375599,0.06486586781739273
1.4536722075483641,1.6291092663686086,2.0062875131073246,6.0,0.15309005118420793,0.019648290888887286
2.489605242184766,2.8981256992735567,3.274580991842792,6.0,0.2597228451397679,0.021822246897069693
2.073990344153616,0.7761163600391736,4.710923542527567,6.0,0.07055513414364238,0.01827777368773566
2.527136835644306,11.6199205608287,0.7771934520382676,6.0,1.040211470034506,0.07832325262188922
2.297030098913159,1.8377155978760058,2.953640545111583,6.0,0.16569594350902714,0.01971592490688376
2.1046872903777536,-2.6634012641658913,1.4999787142237788,6.0,-0.2418298260534492,0.021921565309820906
2.7476249074199464,6.527718307825227,3.660113687058813,6.0,0.5809244356057105,0.0366487489528645
2.4861406859743074,7.465678731447621,4.180182483610615,6.0,0.66912405922709,0.04204051973074495
0.6192817939906804,1.9558563871203027,1.6081224976423691,6.0,0.2046095925141137,0.02009780571825369
2.26985039773561,-0.6178375128018008,4.369525570712501,6.0,-0.05575848936842688,0.018220104651365386
0.3513758370321741,2.5480232189372494,1.2983606173915314,6.0,0.289998764834916,0.02102805523596791
1.3349830968526626,3.0250913681978204,2.6603252112312936,6.0,0.28684757897730767,0.02191672628637966
1.2505804727449332,11.924796854205777,1.090771750394537,6.0,1.1389055628172426,0.07409020063841652
0.9917984509294834,5.57808271223578,4.897764797985782,9.0,0.5973444810400235,0.027028566669238016
1.1849679750196922,10.26001721139652,0.7701856590306795,9.0,1.0755473252929997,0.05193436300697264
2.1162740536177047,4.517237583595302,4.630577474610345,9.0,0.4472378892117577,0.024856785659546046
1.0188653456833978,3.478007966548425,1.757797020498699,9.0,0.3712127169529327,0.02226588635462496
1.6360004429303088,7.9263038487501625,0.8504919549456499,9.0,0.8030129889586483,0.040134256467273255
1.9888286180695156,3.26470764718713,3.3109061324674216,9.0,0.32491627593419864,0.021737822645896635
2.3786324347228707,6.130297032547201,4.533064116163708,9.0,0.6013680112852486,0.030796452946570758
0.9512614447263794,-3.887570982963828,2.14887066938724,9.0,-0.4184982637260766,0.02287076150127202
0.2634133732752876,8.204975700536014,2.0597940437246716,9.0,1.0628415314703792,0.033325233356571136
0.7874510229352016,11.37646896866719,1.6806628506740917,9.0,1.2554017447223498,0.05437315229870937
1.6832462337011962,9.523549275126122,1.9006123482372983,9.0,0.9622011363121833,0.04793368855156656
2.645264047516402,9.067382234116886,0.8038928066742919,9.0,0.8826153998852269,0.048310742484571734
2.00688011986067,3.577402657315334,2.7737198523085467,9.0,0.3557625468830615,0.022569735353533644
1.8611085503590008,7.765752265721316,2.0370563630485403,9.0,0.777375365173846,0.03837644135055224
0.19214003269833602,3.826545655126891,1.2476403443975914,9.0,0.5177392912205734,0.02226416264289805
1.5443067756684434,-2.18332083233674,3.750666030211814,9.0,-0.22244966440249528,0.01964871673362102
1.0596152143841961,-3.463435376813333,4.5195671237635535,9.0,-0.36789187935055184,0.021571886413321813
1.1075076372842527,1.5711356306597182,4.132194820388048,9.0,0.16600666165940514,0.01881741355404421
2.882225331955257,9.386087323648155,1.1099594215063318,9.0,0.9083150588067122,0.049878359018254895
0.5740554744126533,3.5226400842130605,4.6109303267418325,9.0,0.40646586620281033,0.021206412101352157
0.35626638149966916,-2.2236210299482266,2.339636280280374,9.0,-0.2755139197755107,0.01959842565308952
0.9847585659613456,-3.463115209339465,4.615642012866065,9.0,-0.3711868173858782,0.02150452687734592
1.963825192633297,4.4457351193130314,0.8763648625166658,9.0,0.44293788683915924,0.026422896107970533
0.8818648958712382,-0.02545364958299956,4.927054654398066,9.0,-0.002766886406939712,0.0180061048775581
2.1468804952178915,6.219491506589165,0.9353277868293265,9.0,0.6150506510538046,0.03270102949977541
2.1157664217096817,0.7316595266418187,3.854411636037507,9.0,0.07244080116342334,0.018297927025577605
1.3707628205806839,3.0975000060375706,3.714858405277342,9.0,0.31950474657045985,0.021119572385847413
2.5206279491401506,-1.7377526709315472,3.907253912187484,9.0,-0.16973695957058682,0.01914340914897191
1.0389722721463643,2.4931447068734567,1.6009882450760429,9.0,0.2654601172633946,0.02067007997886971
1.9072620013546644,5.098059639708078,3.865683432736333,9.0,0.5092248043588895,0.026680620290777814
1.666066619992837,4.487540205785946,2.8080553688418224,9.0,0.453837099766357,0.024802159847061092
0.3079129557464939,-2.365231583729564,0.711722485242394,9.0,-0.29949015950748537,0.021669434867182952
1.106954730307604,9.760648440886861,0.9388809327329514,9.0,1.03137416881785,0.04803295948786958
1.733101802203888,7.42205765516462,1.7610678814887302,9.0,0.7478207912292755,0.0366087839070556
2.930566589739192,-1.6186990481790726,4.313520260038317,9.0,-0.15647480582494067,0.018971307783329207
2.3725897759300394,-2.2359575818185498,2.415122446587127,9.0,-0.2193846202757877,0.020124503196712315
1.4946302887210945,-1.2261727000307197,1.7331976010596026,9.0,-0.1253425424361768,0.019229016708721312
0.6697643704528355,2.5638910873155236,2.9070568378693267,9.0,0.2893452467563727,0.020028800331984405
0.8828911633159016,-0.08269410900048335,1.9859853528540707,9.0,-0.008987730662893753,0.018608987262801607
0.22302966356431528,-0.34158290783023304,1.886344045681827,9.0,-0.04529737450397399,0.018685165907736914
1.7865843551233032,6.042370438966898,1.3919091998368325,9.0,0.6070995695396879,0.030942521912511067
1.330267657916099,-2.089453911005707,2.0808350124682073,9.0,-0.21622236795723088,0.019909542124740755
2.009773967123948,-0.5918375284953097,1.245620930560206,9.0,-0.058849353524105766,0.01932193409124206
1.6412413460396167,10.631190350460985,3.0834689185526667,9.0,1.0767122042699302,0.054576993626507656
1.3086740007468656,-2.1168314277323628,2.195772262854458,9.0,-0.2194464280129886,0.01989019515660689
1.1208753273757341,-0.4356256647772625,0.6774114203183882,9.0,-0.04596302372888604,0.020608946394587054
0.21780451491062408,10.535924425586588,1.472542217660628,9.0,1.4017305403558409,0.04257796074672976
2.9506045046786613,8.497013759122392,2.6528572712079277,9.0,0.8210172768682612,0.04337778488306655
0.3180721366104591,3.1722971368962334,1.7511263416806886,9.0,0.39975837438818973,0.021020837494419634
0.17385166049890255,11.512757902349017,4.470504192438958,9.0,1.5779513181139078,0.045397584819388895
0.7243784622175625,1.2308518305017468,0.7620719665435923,9.0,0.13738863868572035,0.020632962778275372
0.49494011533558613,5.499276103231869,3.4156696842056706,9.0,0.6485889924821768,0.025668097426476452
2.403855227654457,-0.7461226312494418,4.374434713362003,9.0,-0.07313462603427952,0.0182463803817619
0.5397260269358981,3.3476637261611337,4.64364119997023,9.0,0.3897881179664794,0.020856770148513476
1.0858551942171313,-0.07514212114839758,2.678919503536516,9.0,-0.007958248828834055,0.018348239975771723
0.13842030485219026,7.532189264767519,2.313965461584068,9.0,1.0611854727381838,0.02986526550803039
2.8015503543485054,-1.0527627022717088,0.6604303069776253,9.0,-0.10207149192765515,0.02101080461385099
1.0310171442370681,10.176014267024327,2.59090734160839,9.0,1.0845203294513777,0.048654227737734625
2.5443473968414514,10.351034271838834,3.4245645107826284,9.0,1.0103625447729196,0.054819686811332806
2.889611039903666,8.296966337698791,2.02199882666356,9.0,0.8027826848937669,0.042408283898137264
2.2096108603721447,10.174903646263314,1.2278343538531358,9.0,1.0038731205096159,0.05405324406054751
0.8561513773357557,0.8381396531540553,2.6178017927445496,9.0,0.09146202739115404,0.018560911672575543
1.5272218767360193,-3.1713618473620375,1.2304338964166497,9.0,-0.32347778374470165,0.022416327204679162
2.3696906231448813,10.533027080843757,3.010704631388987,9.0,1.0335611107365914,0.05590370293952903
2.1260738554476384,5.229928752404383,2.556482277302962,9.0,0.5176031493675999,0.02753634212748981
2.4999579248693267,-3.2968731153568402,4.97663265729277,9.0,-0.32221936408659385,0.021711544046535223
1.6792653038932217,8.415013582937611,1.233029760905999,9.0,0.8503929021485273,0.04207413238807263
2.0067575549342855,1.144240780346319,3.3584566083876384,9.0,0.11379209109770536,0.018630171548214957
1.1532690497523725,11.232118329117739,1.3973688657654626,9.0,1.1811524651188807,0.056846727847973566
0.6550782330165847,11.753839626394436,2.383121246429065,9.0,1.3306477859950865,0.05483900252607224
2.121996770744368,5.6422554629550845,3.863470122288979,9.0,0.5584987109941291,0.028769226410568012
0.10835878905602686,10.525409512110857,2.7372203866484845,9.0,1.5225332739269417,0.040069436376122924
2.3732547297682456,1.7126904860454566,2.123146386338683,9.0,0.16803984126185154,0.01953733463098181
0.12097633915440158,0.39445583167199416,4.5010996369547325,9.0,0.056409851958584896,0.018075179268391754
1.8887226698316777,7.682752373606444,4.424583152476373,9.0,0.7680607550857013,0.037470271105938285
1.8243801669159525,4.9416753360272505,2.2213807234539242,9.0,0.4955634722016904,0.02649052699452214
0.40598602031640596,-3.6048445301564005,0.9259834824398704,9.0,-0.4379747158428861,0.02284395288562329
1.8173866462199697,1.5796637022417706,2.042898680444302,9.0,0.15846768845342876,0.019394963688274796
2.2977564834927087,-3.8618206533551813,1.3397797470930282,9.0,-0.37984251513387585,0.024133924400243888
1.6543766788284013,0.9448173309911301,3.85192512330345,9.0,0.09561641301072311,0.01840655376641298
2.0510055967856413,3.483033243344133,3.3735195923599313,9.0,0.3457421302084691,0.022232861714021425
2.155147966845951,1.7912265515935317,2.773145329174944,9.0,0.1770805786193353,0.019396949279306023
0.6971386589178695,4.3862951011821565,0.5736852644324195,9.0,0.4922254839482806,0.026228622000358026
2.7871878685986005,-3.5283929809734023,4.847415135607476,9.0,-0.3422170213552093,0.022306969919849595
1.049870202219545,11.18264211226723,0.5606039296687108,9.0,1.1891707692039974,0.057885578030809445
1.7927356726697858,-0.6222381004722592,2.873522835928945,9.0,-0.062498928751701724,0.018422336411410747
0.39923037611288315,-2.6540245711685433,2.44239968535252,9.0,-0.32326846444685553,0.02008492495728704
2.9895745494134762,5.696930377767099,1.6785241797989119,9.0,0.5499957112491342,0.030051808428083273
1.9970092147729062,6.736753186278779,4.5049869118240755,9.0,0.6702324879741917,0.03309994388856963
1.439178337057734,1.1340520177440556,2.043772252033582,9.0,0.11637766507366153,0.01898203272771902
1.7417472642443246,10.647287361546779,3.042983901003507,9.0,1.0722863436048533,0.05506943918610213
0.17884613464875906,-1.5275520436247838,1.0875317048676443,9.0,-0.20861375705769894,0.019922262803846843
0.796230973584401,-1.2479487483488558,0.7359753421520708,9.0,-0.13750589581052475,0.02074676117477053
2.926598264092996,9.498143184669559,4.281014350732939,9.0,0.9182382626259451,0.04931472845083674
0.3349914080844495,3.186138559565313,1.0799114294795054,9.0,0.39842164494679555,0.021772697544090735
0.5109325927325122,4.956527348905675,1.1086409210661383,9.0,0.5818186024410504,0.02552476163907412
1.761924057386388,8.28463248456396,3.455777327172933,9.0,0.8334531763266492,0.040508927306055195
2.344519163489249,3.608283383423627,1.4670576049672501,9.0,0.35435405696005073,0.02337485455313692
2.573332164824242,10.247317424486399,4.013929857634209,9.0,0.9994235728772654,0.054045358368563376
2.597562020242433,-0.4175666568480789,0.8359603879545228,9.0,-0.040698127547068925,0.02005220361779993
2.3046442535741325,3.832722723873161,0.640318971307304,9.0,0.37689297347863554,0.025690706542306135
1.1082074336654912,-1.2815039157748895,2.2067570794529656,9.0,-0.13539393889747608,0.01899430638428981
1.7865853463244246,-0.1931359974574267,4.401321619329255,9.0,-0.01940509542470284,0.018066572638990527
2.458057043477892,5.814219878722181,1.1050876251833028,9.0,0.5689594765687667,0.03092622057405065
0.5026529403919655,5.631975020341915,0.5238002438432267,9.0,0.6627125378021802,0.029292716249617344
0.33611966214853173,2.1009262121945937,2.66938530817437,9.0,0.26258590679605737,0.019358913789150056
1.4298970679505432,-3.853566715158129,2.5199905788225325,9.0,-0.3957239106903783,0.023046349009121413
0.9999869756428126,3.1731617372804415,2.470850644813521,9.0,0.3394597731883729,0.021333840250301928
0.11083071707650853,0.3155419793512486,1.534328995211434,9.0,0.045539842055271,0.018923078255956467
1.5989042012988075,11.924476057407588,3.6962677701689617,9.0,1.2107664150822992,0.06363377256540445
1.1816355516240502,5.255367735964423,4.332465956260873,9.0,0.5510934814014379,0.02638352609044858
2.6610901785917616,10.170864196240192,2.5425894127477773,9.0,0.9896138942644679,0.05391728432598205
1.0691104745268258,7.060037115267884,4.666588333496394,9.0,0.7491211068586695,0.03272311834064167
2.0217460843862316,-2.5372074853414226,3.7251037080803773,9.0,-0.25216012419605094,0.020276297839440207
1.7474273032421401,3.85113174923754,0.8455238022770905,9.0,0.3877293919684963,0.024784060875668867
0.9690331694006626,11.195303717807388,4.731969418117683,9.0,1.202367486353783,0.05416664129223843
1.4560749636353991,4.501826178006715,2.268004344133263,9.0,0.4614236912785813,0.0248538796494948
1.1662138862779334,-1.737832891494186,3.3271950822471106,9.0,-0.18251104690550154,0.019108525077869597
0.7889995449262797,8.199669478837752,1.2896361819592128,9.0,0.9045990724447778,0.037644359239024684
0.3555553599369746,8.448118297841306,2.8455708296103577,9.0,1.047062678085793,0.03480357218510715
0.2511518448572628,7.752589445190804,1.4921425227460483,9.0,1.0111076993859807,0.03201110620481867
0.745839054705192,6.5714761756141336,3.4466118922438427,9.0,0.7305605338164621,0.029904568342201905
0.34162592683300635,9.614193327001544,1.8763738978515385,9.0,1.198728124883495,0.03987440821381379
0.5368306111250558,2.885100001924407,4.985703122378636,9.0,0.3361957624334723,0.020097687549350977
0.4622676679253639,1.4452326805955646,0.9900168009522501,9.0,0.172199822763809,0.0201294332141816
1.1825667526808294,10.329785563184055,3.038032015805863,9.0,1.083113791592992,0.05041504994835551
0.7907041679258888,-2.627902520699033,1.3260580357359915,9.0,-0.2898293070630158,0.021008708597064493
0.11278571233508494,11.505789872993029,1.8294880703918934,9.0,1.6575703881191959,0.044763622248106635
0.1954451413860757,-1.1455011040032534,4.371625576186087,9.0,-0.1546403012148872,0.018332453068467994
2.971155484529812,1.3490487837246974,2.7557416179466476,9.0,0.13029229388551794,0.018956881185763007
0.8109190022808562,8.829767491193111,0.9005525145451608,9.0,0.9705238460701132,0.041402497931529406
0.21840004403930274,-2.00134039206252,3.778754637391646,9.0,-0.26616464812718565,0.0189818763958
1.9154283904435283,1.966244082704419,2.4984450386800097,9.0,0.19632660872166433,0.01967513542646243
1.6997590374324827,6.381118908752194,0.8720854259990556,9.0,0.6441132523985162,0.033061221593543
1.2276694057287665,1.289406038365943,2.680506569707366,9.0,0.13462272489939783,0.018851162235066096
2.226662317659046,9.51965912309076,2.504875458045369,9.0,0.9386513754808142,0.048911899503973254
2.8172504145100645,0.7104489604755422,3.1270444744357144,9.0,0.06885629760869356,0.01841385080006368
1.2494302319450155,5.437250404706392,2.454700510802036,9.0,0.5665645297953685,0.02742843905297914
1.1884448980546631,1.6420129543874644,3.2040575716726916,9.0,0.1720726342438017,0.019037605996733757
1.5911317088826757,-2.245406355859929,3.6672790308331233,9.0,-0.22809912245260544,0.019757017203395448
0.7799806892014569,0.4548410085957091,4.952580102722085,9.0,0.05025693735658547,0.01806058287204061
0.6045243414373156,9.05858353219801,3.009312548777046,9.0,1.03740942415634,0.039491519827101876
1.227174946734584,1.0710866946828244,2.482778326239514,9.0,0.11183379846006507,0.018754010118653963
2.063355179523704,1.5249276105421465,3.7042090042907194,9.0,0.15129540267766198,0.018914979897151976
0.14283301426640538,10.21702773129524,4.612365575262306,9.0,1.4342346661186354,0.039082041434437706
0.5013462182608185,10.652095685497994,0.6035368384327549,9.0,1.2539138065538344,0.04906672457735424
2.443513551974692,5.184623422413562,0.6622719845969995,9.0,0.5075728650164048,0.02977123368524804
1.0632213457553215,-2.233599718727948,4.897954952057196,9.0,-0.23715920647245406,0.019477330348787188
1.7215521512550116,0.14736952574513928,2.957038500407769,9.0,0.01485773159436782,0.01828339082879246
0.2609316878683787,8.664085972194515,0.732994967306078,9.0,1.1238390277475825,0.03675463648093173
1.697243179097204,2.067678880691828,3.471678362973078,9.0,0.2087417289950807,0.01955831275964312
0.18044047074072433,10.851378814837283,0.9343745291869773,9.0,1.4802573588675167,0.0441541870955874
0.7010494650131531,2.0669164395559783,0.9776471113280116,9.0,0.23176557197806333,0.020789071689665133
1.3989007157629494,11.792529147186062,2.3122991909171016,9.0,1.2137681422064803,0.06184900491603149
1.6190556743572384,6.488955467067356,3.4866614992508067,9.0,0.6580592208867557,0.03167522223768822
0.46339432953952364,0.4600772278606442,4.190542387673922,9.0,0.05479833186743678,0.01812890146373716
1.4312064238892501,4.755116078035002,4.342412616837934,9.0,0.488257649201982,0.02514620116083781
2.363402154443247,8.805341578310154,2.2405062316050515,9.0,0.8642053656580065,0.04478893973884503
2.1467835050436612,-0.028989025684479586,4.910818525600348,9.0,-0.002866759222826496,0.018007545694638954
1.1703309681600307,0.7237323929942647,1.1275944834715281,9.0,0.07597697081951081,0.019531185842060025
1.538819575750242,2.662642072552874,3.5182114488738483,9.0,0.27138238860564484,0.020420917348427877
2.4171080985122493,1.8058903532659052,1.5423302886100423,9.0,0.17693953856324882,0.020005670006125346
0.8632105814717075,11.031592747703689,3.6870458681679503,9.0,1.2025241784597585,0.052319812609921024
0.5066393873137629,6.354654982829455,2.612029890715717,9.0,0.7468723942985559,0.028407966012720845
2.910120944817704,5.437616606104736,0.6363192086897534,9.0,0.5258786357158859,0.030979707509407203
2.631721310391071,11.1479101877625,0.7009606636421303,9.0,1.0855253610981892,0.06309212367575331
2.6351447576409326,2.4313833620573213,1.831562338868518,9.0,0.23673373525482397,0.020720493311764704
1.4837995583253403,6.979187469284156,0.9383731319787265,9.0,0.7139602303767026,0.03510140520797628
0.2025210557465357,-1.3031992355205944,3.596340358157856,9.0,-0.17509843698325317,0.01851374725233236
2.254594173992102,9.342035187954675,2.573389687466907,9.0,0.9202305970254914,0.04780873896124344
2.3914577896003752,1.2503374689932745,3.398071794726069,9.0,0.12260533084700655,0.018719513765310853
2.8988792869746542,3.649684182276358,3.499705286309823,9.0,0.35305509865961987,0.022781604546446732
0.20376362215025778,-3.5606866683189224,0.7137358528883189,9.0,-0.478023436445328,0.0230742247608772
2.4571538090613387,-1.649975301996589,2.3656320318548185,9.0,-0.1614652805103108,0.01937284949749159
1.0767145529469524,9.029896027367348,3.5729742933449034,9.0,0.9573202789805964,0.04223600217522819
2.033110169908694,6.812471321993794,4.564020127213091,9.0,0.6767362333784166,0.033474297802990924
2.7116248585628933,-3.9211729870574334,4.756994092856755,9.0,-0.3810273914723444,0.0233108996306441
0.8296925035719954,8.1880464656951,2.222181155154928,9.0,0.897241631727766,0.03715728997289463
2.980941836786551,6.028988512288597,3.0935611982477154,9.0,0.582161591076017,0.030854885026635123
0.20976120509733348,11.16778322095722,4.703084837815941,9.0,1.4934282713884537,0.04441885714846136
0.43267519861521075,10.887132582623117,0.7033013338295957,9.0,1.3101441332695194,0.0489445725184651
1.493965449245321,2.7485420536063607,4.8928465576426605,9.0,0.280975803746902,0.020395647344758773
2.184957367975185,-2.2217497022741224,2.5465517622660334,9.0,-0.21939857855511644,0.02004336991247362
2.786832403673727,2.7123307262925778,4.322067330946939,9.0,0.26306983218978797,0.020600362998474547
2.5570871978952256,2.3490689037793526,1.255239884753244,9.0,0.22920957845885886,0.02108110704583018
2.9144886906137977,4.000354027710044,4.711295328343295,9.0,0.38684121063128984,0.023565531768272155
1.3799400543315927,-0.011630598936877234,3.985052880147473,9.0,-0.001198834340863085,0.018101917484962444
1.2783146368358296,1.2196982867343635,3.438181332925107,9.0,0.12677009799231656,0.01863743750744752
1.8094052676539232,-2.9755715093000425,1.2787810742309216,9.0,-0.2986207421510704,0.02205715963764882
2.1066520333330763,8.03853965803153,2.472225620060933,9.0,0.7961696004859535,0.04000799802138288
2.7183553500059947,0.469561300679862,3.1356025707952315,9.0,0.045620312745192744,0.01831371930326452
1.8168679347287204,6.893172082276566,2.308772550216859,9.0,0.6915227021651933,0.03400297988184441
2.7273070537880484,0.4276528223905274,4.517916062016683,9.0,0.041539289381537566,0.01810564371233413
1.3054672609569147,9.461791065937414,2.9785417870685595,9.0,0.9811428787391414,0.045815782082233414
2.33693946163881,-0.18806689972033297,0.9007397935256832,9.0,-0.01847383000643346,0.01983237692028171
2.994395624525733,-2.0703450114260153,4.439014062185488,9.0,-0.1998555548852158,0.019537879070008347
0.328432143711731,8.496105302239089,1.9008834380053377,9.0,1.0655572177371364,0.03509335806894118
2.151007707137035,-0.35055596476565754,1.272068937363881,9.0,-0.0346613575129748,0.019213433827864994
2.7191635907594387,-1.206958910283353,3.3929609158986365,9.0,-0.1172599091546004,0.018690826346314537
2.6940236226057417,5.135283100280848,4.135881123559916,9.0,0.49922949531248867,0.0271518688726448
2.6309999124685945,-3.000526738189725,1.8063702897469576,9.0,-0.29218129734691284,0.02179608197114458
0.9083667543767201,4.936218471953513,2.693230663149555,9.0,0.5345267209070227,0.025266424199791818
1.2782726240087832,-3.7061486315782695,4.855916289918669,9.0,-0.38520225898257293,0.022219618521211106
1.5734804189087286,2.8543000404103633,2.4888270679017297,9.0,0.2902724283758099,0.021002572992225313
2.9120511564876854,2.644624043106022,2.1787413414405026,9.0,0.2557537613768165,0.020939498749916633
0.8701314550305235,-2.632954768962172,2.9768984397908897,9.0,-0.2867109974254853,0.02022235322657052
2.0154386924404486,-2.686880522374125,3.6818616731105793,9.0,-0.2671060773911897,0.020541383866612976
2.303359510222375,5.39270951607371,3.3945375509336433,9.0,0.5303180823813939,0.028022206009981544
0.5253958725377434,-3.9340827488910737,0.6493827028246659,9.0,-0.45989281362537776,0.02455957085313828
2.6239970099112444,7.7075375241751605,4.728489858638951,9.0,0.7506755954139248,0.03839923549176607
1.5651641662051379,1.8969146584083791,2.563339488994042,9.0,0.19301091517441113,0.019527011660310692
2.873258041817425,0.20521126355083652,3.668994348814739,9.0,0.019862892969552855,0.018159672658637778
2.6801043561595463,11.21668739404138,3.1939784709255123,9.0,1.0908292072352808,0.06146890882429229
2.8475730184081387,-3.642057620393068,1.2390316158865384,9.0,-0.3527336220257857,0.023798199478174957
0.6301720406825798,6.031429951954998,4.976335521635523,9.0,0.6866088373675133,0.027501831798098723
2.520482294220435,-3.714138361477845,4.0420297331961095,9.0,-0.36278419482655605,0.022807003411320293
2.6021761095368783,2.1120414947488744,3.527260070966158,9.0,0.20582409623360332,0.01969576648717615
2.8471071087064215,1.0009453748760784,1.7136322794472696,9.0,0.09694270942783442,0.019113345025559596
1.9836864198536506,-2.7145280820343984,1.3616219583649793,9.0,-0.270220189005294,0.02151098709673593
1.168742982190275,8.531036643460736,0.9033830444049528,9.0,0.8957235672287501,0.041691386341280764
1.8019870512754173,5.149747719957077,3.0093662547292612,9.0,0.5170087631247776,0.02692456705254761
0.5578580776022315,-2.762618464808458,1.4499548536562588,9.0,-0.32010809294608417,0.020918183663911013
2.9889399091812794,11.63471300930345,2.394112230581607,9.0,1.1232592017574667,0.06540011111785873
2.194437969048283,-2.228139537246168,3.924717947493937,9.0,-0.21995313475867803,0.019778073213267258
1.0847144578073353,3.873254911729852,3.229561094004151,9.0,0.4102653295838233,0.022656237872340848
2.7647366770796657,-3.5118464401574254,1.92879570230931,9.0,-0.3407991051648449,0.022888043182617952
2.1659335368418615,2.493127523269875,0.9177795697252108,9.0,0.24637085133577874,0.02186454850405774
1.0660611774837936,3.8652126224772285,1.8867934914993167,9.0,0.41026842821193327,0.023061632719495705
2.7952150658290997,9.700919173376901,1.3878683436641184,9.0,0.9407043662024875,0.051511078466038064
1.0405914330070458,6.840730530266555,2.953697446759516,9.0,0.7282353263906829,0.03199021379571146
1.0278869680058302,1.6364409078763877,2.4008158264148496,9.0,0.17447056532416028,0.019215647689730667
0.18620161807871385,-1.0511823537844514,2.114611133537961,9.0,-0.14281225930506397,0.018775840879173004
2.1326334693132276,-3.27649718259868,2.2386647578017294,9.0,-0.3241914225239071,0.02208773553362164
0.4132045731555323,1.2562001140148187,2.335964629261647,9.0,0.1522195050022397,0.01883203989026831
0.24114951525240277,-2.994780975249819,2.4179634738641465,9.0,-0.3928379339982348,0.020365122163467784
2.0025964932190954,-1.1855074687298668,1.972099589864841,9.0,-0.1179167997519203,0.019080584387586103
2.908230099982924,6.411957664164252,3.9185832742230753,9.0,0.6201347722763487,0.03234344455708188
0.28611124241300967,-0.7751917013242622,2.881274325827764,9.0,-0.09922022013331977,0.01842768000931999
2.3035556247123354,1.9826940519002,0.550814924027406,9.0,0.19497648910511042,0.022560179408091685
0.7631154269352614,-3.886593404761289,2.3479532824130316,9.0,-0.43072358499200186,0.02257473029153227
2.5975758415367673,10.60281025189332,1.512504470239505,9.0,1.0334023405082442,0.05744332025153963
0.13521842858923613,9.45371391924305,3.1795051195707376,9.0,1.3354611982800402,0.03614449810146686
0.6630328281943907,-2.48608254823057,4.277207278859002,9.0,-0.28096619347027496,0.01970055500661631
2.9279212860353905,6.9530979435750275,3.845150953235803,9.0,0.67217478993855,0.03486613378985422
1.7686323770177002,3.8685868897049716,1.053532156960057,9.0,0.38905230633602134,0.02437055433095137
0.48198544379205777,9.150269805183056,2.7522589499728074,9.0,1.0834674353161435,0.038924297974811464
0.11368613576401271,-1.1401188415859362,2.594815715484092,9.0,-0.1641152589349021,0.018626939148502157
1.2861934218250595,-1.1183311671001785,2.4781411105171633,9.0,-0.1161554981024233,0.018790674651969017
1.3598366801875685,11.264043325023852,2.1607659689320187,9.0,1.1628728871545735,0.057886209302073416
1.6451298496979871,-0.6677841255878167,3.5901335713057874,9.0,-0.06761682402062945,0.0183004776954038
2.0743139458730315,2.959886058975874,1.04759618903387,9.0,0.2935348689014581,0.02243129361920236
0.5465279006871405,-1.3244052649398874,0.7245042619353536,9.0,-0.15392400992458455,0.02080406677422999
1.0232518681949592,1.1997710530399424,3.3956373075086255,9.0,0.12798562099943958,0.018609228556448865
0.253658592405974,1.2871429865406672,1.4024109739626671,9.0,0.1676344998261113,0.019386986606825155
2.989861209739241,5.723303764578754,2.1138856034256857,9.0,0.5525384625562827,0.02991099269421114
1.329165902973183,4.466075530566641,4.649268028076997,9.0,0.46220318667490823,0.024189441265230156
2.06760682205675,11.308429234060382,1.1385405716081323,9.0,1.1217709163239746,0.06199129190213207
0.9272633207464339,8.925301242485949,4.324056409454879,9.0,0.9639402246531954,0.04080568374397017
0.5124318432711774,7.895176983066657,2.3258910611937025,9.0,0.9263669914598803,0.03399992605977644
0.6612502067950448,0.7474369451755756,1.3628450385336546,9.0,0.08450434484416573,0.01921502934544236
0.1440519958774293,0.8459663290863162,4.931978883884648,9.0,0.11863649816224049,0.01814995464950905
2.096007943281441,3.3200706146471326,3.234487598018876,9.0,0.32897073955037376,0.02190024541809532
2.9700996708296468,0.6938599013207618,1.5000675589819148,9.0,0.06701512329252056,0.01910022493632301
0.36564271758161426,-1.0274569710714534,3.9353689727878307,9.0,-0.12681060192054405,0.018353600585751847
0.5791959723751765,-0.8531132640855894,2.1674011284542494,9.0,-0.09830992960349262,0.018709218443008546
2.4249207950549274,2.065565571028408,2.8951625674223345,9.0,0.20233339588677193,0.019742108210286886
1.9455279933889131,1.3792967887577632,2.1045417355235854,9.0,0.13753358314261147,0.01917903475681649
2.8486194524860844,11.057602040083186,1.2358081316097034,9.0,1.0709036050761878,0.06147451553369547
1.1576649900780454,5.680420940461291,4.22576487625895,9.0,0.5970800103049378,0.027753032672687958
1.3413808519147765,9.917182103690697,3.67993121201509,9.0,1.0253330904211193,0.04857033444299129
0.9305673231351592,-2.42209839004685,1.672680535364832,9.0,-0.2614698530264119,0.020471946535185595
2.4327286601984275,-3.3738874523261995,2.874594099880973,9.0,-0.3304112964235348,0.022169191420417757
0.6437973131294723,9.33969536102524,0.55730231744827,9.0,1.0599652596198652,0.04408013184747382
1.2014225721362222,2.997205683490767,4.301728940451235,9.0,0.3136978986681855,0.020781293728457186
2.0122543086407982,4.810709045812732,1.5004980583887664,9.0,0.4783026491641647,0.026618962402563808
2.748814000461393,0.3634407572218503,1.8845963956879042,9.0,0.03528316924202034,0.01870674169261673
2.4572058871315323,2.931439712770702,4.507905839392528,9.0,0.2868679256634648,0.020971048268074232
0.3463915860314145,-1.8768138879493481,1.3844322741646622,9.0,-0.23352336786260589,0.019854968619817247
2.6058305339940153,11.86609605437913,3.543762313498407,9.0,1.1562674783908244,0.066426829460389
2.394844430548642,4.794411825287646,0.748403906345635,9.0,0.4700792205267992,0.02808028253579834
1.4651296656643142,-2.4189100222372613,3.074918495453328,9.0,-0.24777253072362404,0.02009228632375451
1.7059521174208725,9.625237170700279,3.96562208937923,9.0,0.9712428064415534,0.048083131455224415
1.3853183892217564,2.8812737458810584,3.049727702306218,9.0,0.29686708350211616,0.020840723136045257
0.26084075211559365,6.163156552991371,4.97575756037973,9.0,0.7994775346622341,0.026313282926353546
1.0288175781783795,-1.4839765562104503,3.158731491953068,9.0,-0.15819789077507523,0.018876860206662696
2.747945123027174,2.3294163532871117,2.391947731902007,9.0,0.22614680771966514,0.02030547752460531
1.836051035380202,3.967791368170815,1.8320420688392935,9.0,0.3976710649213718,0.02384809480354583
0.3847274873114922,3.956041545442824,3.3508029798191163,9.0,0.48454615962479874,0.021871285480373055
1.6991786280938899,9.11609751183626,3.7411183151106213,9.0,0.920213012094776,0.04500748916462547
1.8934503001854242,3.9326310302751875,2.3358224022572105,9.0,0.39306644720937745,0.023546143074119216
2.4525920266451817,0.8399965390803512,4.7773251380068915,9.0,0.08221272366585246,0.018258960349829472
1.786598710725058,0.284082003783352,3.595180384926461,9.0,0.02854276099080716,0.01818261671000031
0.6838970097096189,0.9232297045579116,3.243306185965197,9.0,0.10388338693855015,0.01844346624216375
2.9127924715373474,3.557348108146245,1.8035690375890239,9.0,0.3440148713762127,0.023090434888650316
0.9591681787375976,0.22871624275037838,4.925981107063354,9.0,0.024595630941995905,0.018021060921829406
2.203555406541668,-3.5048561633504907,1.5913698519172044,9.0,-0.3458707791164209,0.022987346693755517
2.0944037958544377,-0.8122217867306691,2.7211042074900544,9.0,-0.08048446739469785,0.01855533001497186
2.7775025699249487,5.250492062889801,2.5682195616140837,9.0,0.5093625860918269,0.027885063408329684
2.3185778435828825,0.32853585435750965,2.615719734131931,9.0,0.0322917055465804,0.01840113233631844
1.2243443863105725,1.3092706065141666,2.1233164058181577,9.0,0.13673865359592494,0.01906234067319771
0.23925052791192078,0.1372440473031098,3.70783986421603,9.0,0.01802290855549036,0.01814346272452002
2.003379639826127,-2.451625750209736,4.167272924577354,9.0,-0.24384345425853904,0.02007481208252608
0.13446748608463668,-1.1137080781461712,1.110062066854092,9.0,-0.15742509782926137,0.01965019336738944
0.2519684421290622,0.07169162062553802,0.6836240185057966,9.0,0.009345843164185305,0.020526703073677197
0.16716759534213627,9.429599834521909,2.500432254761643,9.0,1.2988179154460981,0.03665866608726285
1.7620783994443279,-0.46038849135119975,4.998007620463225,9.0,-0.046315771464217385,0.018069120059115054
2.3835832832338704,9.254365102079705,3.5013696255016806,9.0,0.9076889192475928,0.04724645194754655
0.3037309715804334,7.892793731354573,3.2436331187847274,9.0,1.0014180027678674,0.03220609199366553
1.0259598246543569,11.588712297888096,2.511236563093879,9.0,1.2358251176958932,0.05762708254853159
1.199620564383922,8.05744230765097,4.087502058495502,9.0,0.8434643903296333,0.03771434196788309
2.7083510093669663,-2.1581911348966756,0.7946249216151601,9.0,-0.20973278519784397,0.02171939143884953
1.9743746294630165,11.040684050393072,3.278685184204105,9.0,1.0994990203406967,0.05858156102130804
1.2737778943789648,9.47351393626496,4.165185401714286,9.0,0.9850236665701926,0.04555340533780532
2.7738254003959755,3.0980576267024293,2.1342138945518685,9.0,0.30057687111306786,0.02184644081878412
2.0926805034387983,2.9374230917335904,2.527024925760517,9.0,0.2910941748425175,0.021272931419858348
2.0495147597003625,-3.5047314639691702,1.8621318713253439,9.0,-0.3479172146139503,0.022764120271306428
2.1650705032147943,-0.5177353887980836,2.5528630261940974,9.0,-0.05116425775267405,0.01847336074399847
1.6713008745878581,7.438177846170845,3.460905206916533,9.0,0.7520177498140865,0.03601778714905231
1.4557457438757977,-2.2315712094932643,0.5017013819696768,9.0,-0.22873470585035366,0.02315211928191271
2.92022570749654,11.867918287166953,0.6886710901187773,9.0,1.147500854721781,0.06928070775809987
1.7582983437588187,-3.653080420417318,2.8494654268753132,9.0,-0.36757833705446963,0.022642149911392573
1.2779731194300776,11.85557537189322,1.3956809306349807,9.0,1.232253046217279,0.062088475499612605
0.37137048854488863,0.7393211577734409,1.5033992342007472,9.0,0.09103580687800208,0.019057759716489563
0.6575521057218281,3.373843424494014,2.4721269135676995,9.0,0.3817468374410226,0.021410705554296274
2.951539796088581,4.727543236988929,2.993430850024511,9.0,0.45678576625938044,0.026014601437843832
2.8889432735242737,0.6328509775386273,3.840905011130054,9.0,0.0612331686659018,0.01825928484007627
0.10863079701290987,-0.4720388753482041,1.4002522665625732,9.0,-0.06826463407280711,0.01907204698908802
0.32560594881584437,-3.1908928763697695,4.40438652263521,9.0,-0.4007071745489845,0.0203694957159596
2.06878234744172,9.174928070902471,4.31424867607921,9.0,0.9100892305965925,0.046130708916278435
0.7322481872207017,11.5569499367082,3.1046370098927643,9.0,1.2880664164638165,0.05435153924372056
2.0245937539080474,-1.9910803854247838,1.0892736134080911,9.0,-0.19785976960879376,0.02075387284592939
0.7084837943618301,9.757293416801208,2.4505911824983393,9.0,1.0924841101008242,0.04395780837454854
1.2508436894062491,7.528631153877393,0.7949506168319413,9.0,0.7843882364525115,0.03740121949144608
1.0450699653445974,8.003605458826168,4.850429416605169,9.0,0.8515841983046375,0.0368019545891515
0.8148025823537796,2.204887366436056,1.1892002645439812,9.0,0.242195092398698,0.02062902526090229
2.347831827913629,-3.0788014397142547,4.452381759476345,9.0,-0.30232323151703977,0.021261591189426072
0.9810600989194903,7.046769977725278,2.8638424819429265,9.0,0.7556486131323048,0.03265849483720807
2.7524999417440417,11.39402285757096,1.9227379722755094,9.0,1.1060411902251093,0.06337166326049626
0.6472903449413598,6.540131947031037,0.8607120219559498,9.0,0.7416686807618378,0.03116244166636434
2.6953147156244834,-0.25516298270167503,3.042132618904977,9.0,-0.02480499188484815,0.018279823418826616
0.5451168034005882,4.587764225589071,2.270159667067575,9.0,0.5333985818910152,0.023800379727539088
0.9582391270700857,-2.0531977111835094,1.033359149776112,9.0,-0.22082327607484437,0.020748044600100345
2.952738530658606,7.486056738393437,0.8649579780064772,9.0,0.723300458055252,0.03933689698277393
0.2372220271295284,6.765827102221017,2.6140550139880667,9.0,0.889552084832139,0.028231379122354565
2.5310540217422286,3.1487039899135514,1.1117486130044278,9.0,0.3074610112197238,0.022787118801221185
0.5746818450204351,-3.861368100755689,1.702064198627032,9.0,-0.4454796164248716,0.022588124643494176
1.6053776656925849,-3.034142849704436,4.913220100347407,9.0,-0.3079536757131392,0.02095453871338447
2.8787799417789848,6.911642981907262,3.680859451258859,9.0,0.668909719012481,0.03466735155562642
0.4448966974739257,7.078613493247577,3.754919421250202,9.0,0.8482760399296814,0.030251239038321713
1.1930201842200765,5.203349230112208,4.894011286919853,9.0,0.5450379878912589,0.026183361932859594
1.5737218967011637,-0.35694043539803744,1.3309309384126844,9.0,-0.03629905526934572,0.01914335261537588
1.9914742895244866,6.610105394831409,4.5451559535577015,9.0,0.657788347996493,0.032529392437453335
1.0750904956636613,-2.3119167750367957,0.8689630194776135,9.0,-0.24514640364803766,0.02147928752820376
0.8213656256922811,6.042889198036198,3.5504809840886113,9.0,0.6630674541006727,0.028301548760913994
2.7326788955821435,5.157086527267971,1.7429247899088383,9.0,0.5008566593469129,0.027905092960609536
0.1233975129536681,1.6878981871202896,4.283771555723952,9.0,0.24086656123151254,0.018632716942460974
2.9455471888151563,-0.49334333414742915,4.5707395426313,9.0,-0.047674216697899965,0.01812191135334874
0.5329815202016114,7.593323253248991,2.863629194472913,9.0,0.8857774666852026,0.0327979129826303
0.7699874838192597,-1.104128719795094,2.2591849580762133,9.0,-0.12221313436889364,0.01881870888077358
2.221730582093521,-1.4823254709234917,2.1060455493102834,9.0,-0.14618504970735618,0.019289275019041974
2.283877466065073,6.124225905051684,4.732582913577633,9.0,0.6026531290529616,0.030691123044386846
1.5877554198315549,6.569992493927209,4.366141563118275,9.0,0.6675506513077635,0.0318506342459091
0.16248773439033448,-2.368494428213962,4.427268624862569,9.0,-0.327383359210352,0.019199725785350816
0.7457149411303671,0.19661291256973712,3.5405152679690377,9.0,0.021858243036744107,0.018175384177652482
0.7031604016056409,-2.42246345463594,0.5839530203979157,9.0,-0.27151921965368336,0.022596552599183042
2.6877201428546433,10.621303398105502,2.4553822986104903,9.0,1.0327239929893668,0.057198880443135675
1.430620687644588,-3.865815758324583,4.6470500642813946,9.0,-0.3969608092875956,0.022713161567633273
2.325584849555739,1.616185243523793,0.9092316338771935,9.0,0.15881748943767718,0.02068387279220441
2.728083320621632,-1.490863881098857,2.133237097969108,9.0,-0.14480955553221453,0.01930275364429875
1.240137978480729,3.4719180322538516,4.584713117118482,9.0,0.3620790521861913,0.02170570190600895
2.779264800984529,10.509397718228781,1.7657258660550663,9.0,1.019497557431522,0.05682104358218336
2.0732018506320857,7.318022021065811,4.008627506066423,9.0,0.7257679803659732,0.03596006458148057
1.8540938108525722,1.7627800738032366,1.8092799173211274,9.0,0.17651921620079344,0.01972475160020571
1.4069757395605533,-1.0135408730209576,2.397139462009154,9.0,-0.10425728723510196,0.018755169176470556
1.3821233423751584,7.2801941404769455,1.3070475416274452,9.0,0.7502863249732353,0.03562569832826013
1.0395611816610824,4.670653967802238,4.466279186992476,9.0,0.4972782310607072,0.02443911043214439
0.9088201923821276,7.524639514369547,4.701119584977957,9.0,0.8147658526641695,0.03411625259588713
1.506918501835561,-3.2823154226762803,3.3879347065422074,9.0,-0.33524776669501805,0.02159985487248145
1.2822154289431331,-1.2297500134350923,4.49723694986748,9.0,-0.12777174232534103,0.01850828643697359
0.8607198105834368,1.1179728268790825,2.16315768413054,9.0,0.12191346542422118,0.018875354570952393
0.3138055734633304,3.464587148681403,4.9857762017465745,9.0,0.4374654152365079,0.020712470868346426
2.922480941188643,5.111136325233554,4.260190996350851,9.0,0.4941673390480767,0.027116869836997667
1.7609212228683981,4.993503915925789,3.762143559294202,9.0,0.5023844685676382,0.02624338342707172
1.0743043486155102,4.686650590870883,0.8077781641923696,9.0,0.49699740692789607,0.02655828735143453
2.5368926623749863,5.057861456983085,4.554855948494661,9.0,0.49380173760455803,0.026783646393953326
1.5124382869717534,2.6796099700438525,4.251333646576453,9.0,0.27358758109008924,0.020344355251272907
2.523955389443482,0.46100558081665,2.0446746218587037,9.0,0.04502492228184579,0.018650758535105685
0.5778231716036373,4.2900726541006176,2.6579414282470832,9.0,0.4945448457905491,0.023065013209242768
0.5222322861962762,-2.050231787595047,0.8433267840727355,9.0,-0.23988570963400277,0.021023864882667272
0.7822585289376537,7.988341916303831,1.8455682568032628,9.0,0.8823099921618262,0.03620134528236474
2.594659621146374,11.24697158113617,2.2817506963405005,9.0,1.0962732047576529,0.06181541539814843
2.31739837866175,-3.134456200799315,2.203556888246216,9.0,-0.3080970018482379,0.021832042361474947
1.0513184555534738,8.51723425777966,3.970556680483488,9.0,0.9055775622166927,0.03941062431111925
2.8072527277601864,-0.41867374131242663,4.52601862603219,9.0,-0.04058730742082436,0.018102391786198473
2.5950271986113798,1.3825816789499203,2.3931165005180266,9.0,0.1347626725794852,0.019090659624474454
1.225433534841098,-3.463389190685625,1.2347754319473807,9.0,-0.36167582974746076,0.02286204238532644
1.8395859738866513,11.505372750706064,4.5766515057981465,9.0,1.1529239790871677,0.06140650767469523
2.956015131688806,4.993529686281857,1.1462040118215586,9.0,0.4824386215832186,0.027988600789264306
2.1482666153380983,-2.694697084093166,3.237153943043665,9.0,-0.266466834117111,0.020651399436457395
0.6734476557345197,1.1448901528106514,2.8296490158959986,9.0,0.1291051806777475,0.018654362401307325
1.2597314944949298,3.2630598775965076,2.798499220467505,12.0,0.35587689468309164,0.02099140414613989
0.5211717657910829,0.7119882427046438,3.0286611081281345,12.0,0.0872988206275845,0.018364770911409735
1.8738562521984172,1.8678120538397724,3.1169685832546636,12.0,0.19575806236514684,0.019185228111923927
2.7815394926512016,3.190834998873923,4.131380887102612,12.0,0.3242589866757429,0.020974413561677643
0.8004551927083751,11.82748782766604,2.3353585437174984,12.0,1.3643028022245134,0.050234779389534204
2.846804400735595,-2.708406466504499,2.7785731557935502,12.0,-0.2748052838895824,0.020406398263030045
1.6172557377604662,2.539107343184593,0.8727655294580584,12.0,0.269787375329617,0.021592862816482015
2.1620587266403666,10.65334240410767,4.444604806013627,12.0,1.1030546091783078,0.04938519705890136
1.5996567158844557,5.254339978249753,3.5286229562579443,12.0,0.5588851894806367,0.025437959521533583
0.5753811681612159,1.741324541061644,2.0017680018910506,12.0,0.21042271073510024,0.019237586020085774
0.33699215555907225,8.111666306538307,1.2984501606616672,12.0,1.0617107575957894,0.03153567674717846
0.19904031128710714,11.697198368755275,2.880923525418358,12.0,1.650296064076141,0.04195305332771952
0.23382544886095893,8.001348534903332,1.2863784517705361,12.0,1.104316905722917,0.030487698868752265
1.4002944628898983,10.580436827985238,2.145100341437775,12.0,1.140748987746218,0.04728493098892828
1.1096287112377874,5.025861285052045,2.97259741594205,12.0,0.5561950849174437,0.02445283564790118
2.1773493271811812,0.8153948638864978,2.7041851469946194,12.0,0.08437852610756703,0.018523332342529224
1.2651687900297313,-1.840144487668189,2.995869207492135,12.0,-0.2005941242841642,0.019119603058523966
1.5154818185497825,11.081981935080481,4.99312576459656,12.0,1.1851064360314105,0.05002615232501661
0.49185377674913655,-0.8905928802312957,1.4691459747659559,12.0,-0.11014161574476837,0.01912265083016891
2.185600343597576,8.727350111909542,2.5041692131159805,12.0,0.902847072959109,0.039457884312659036
0.9865381002946148,5.502169721521126,0.741680714354108,12.0,0.6176822342228939,0.027511992364225097
2.3144405105361603,2.5087576388783326,4.143408658314469,12.0,0.2583629276159966,0.01983540454936304
2.083302741337411,0.9132660302994555,3.1350218521387396,12.0,0.09484825146364309,0.018467081595428682
1.9651607560930382,-3.7398446379239783,4.666991392615758,12.0,-0.3903289169392523,0.021838837639897708
0.14045449724027492,10.492721648973472,3.459440619364764,12.0,1.5460823146844063,0.03641804395260921
2.4677757873524544,5.008236107240904,2.642465736045567,12.0,0.513276410634344,0.02539341581458734
1.8943350517602178,8.294550801724169,2.884266172164475,12.0,0.8684825821052841,0.036932693685983904
1.8590341474526932,6.550085717596794,2.5311779763753655,12.0,0.6869749079647827,0.029979689851145123
2.5236526821937613,10.272872968576312,2.0020703963309674,12.0,1.0511044611125842,0.04827577811761459
0.7096448403598221,-2.346355343075052,3.220441176532674,12.0,-0.2751589937303411,0.01943724936802187
1.8213060354572836,7.07556276128078,2.3762869670427196,12.0,0.7434567570191023,0.03192137799617062
2.924380394004851,7.254661876724898,4.19236487072494,12.0,0.734782350475548,0.033081310837334094
2.506377356093109,3.533924985152135,4.407067160992313,12.0,0.3617667753346575,0.021563209062161238
2.7676668667723705,-0.91301138659081,2.020581451157588,12.0,-0.09281351492649592,0.018826348740598034
1.6184261944718896,3.0423759613325743,3.6126501292620548,12.0,0.3232383464483302,0.020596476122695342
0.32036659536420736,-3.6927710540514997,2.438487966169234,12.0,-0.48698618281319966,0.020965157652179593
2.021455083832233,7.505049306855939,1.5953441911223067,12.0,0.7814166374472576,0.03426164560782467
2.501693676189262,11.797764112088919,4.952315941912511,12.0,1.2078985020861783,0.057108646824035235
0.9308242105019646,9.593213753836872,1.5715205135979362,12.0,1.0848808511355899,0.04051885642909413
1.4353431082289363,3.922091555970404,3.4713274760270285,12.0,0.4217726273878595,0.022146261292251557
0.9220209459129906,7.4242207189602,3.9310409811715337,12.0,0.8406140817982752,0.03104511199319185
0.6221182447434586,1.134770687162714,3.6270690364204947,12.0,0.13558241528948795,0.018427395935057624
2.5729979595426538,1.5198363341298027,0.8976688399523699,12.0,0.15529005796141648,0.02047887072472341
2.0677295157058375,2.1212983972543444,1.787278053589659,12.0,0.22044735478279245,0.019953924541123016
1.6579768294371935,8.464489930977146,3.5751436226457733,12.0,0.897218464216916,0.03714938425820925
2.502774427262729,1.6648784200264348,1.6483432401679785,12.0,0.17045099434809152,0.019592121137406045
0.8133056149831773,5.637336622647062,4.85732538941084,12.0,0.6488782826059454,0.02525773629926933
2.055062034847021,8.703275888102773,2.4894552871402755,12.0,0.90491735037194,0.039172668654705145
2.8541750399193297,10.882728464903392,2.9847142922279293,12.0,1.1040133674949941,0.05196646532331139
2.4424311484890358,7.181009225448415,2.7669474719433067,12.0,0.7365196951146665,0.032772798716332235
2.1341127006849208,4.609187660642606,2.4416395004335967,12.0,0.4777436260623421,0.024274534569117694
2.587621658245462,9.050214359754097,2.594570490734148,12.0,0.9243354211497966,0.04146347233284317
1.0775817084525525,2.2380842197442146,4.627371865447898,12.0,0.24854916259276624,0.019249857826554938
1.1422020767369097,3.4672618975896636,0.6053796448277987,12.0,0.3824046815930095,0.02386363866126325
0.12804522610832916,9.681153674705904,4.863989930393039,12.0,1.441473175832663,0.033389697196130164
2.112638962235888,-3.0728157697168488,1.0157342852779923,12.0,-0.3187622729673609,0.022167912296932987
2.600401668543995,9.402832572666123,2.437308579055743,12.0,0.9600125973929085,0.043360121538019214
1.3184378936972272,8.500330795324958,3.616678449490445,12.0,0.922420404925165,0.036488859397495466
2.664089540873375,11.53634651445639,4.101210957431376,12.0,1.1758323142769118,0.05571812432847813
2.491954475005127,0.626423046440248,3.4609308896590116,12.0,0.06415382443935867,0.018288079926380783
2.3247852233303483,5.470335483642849,2.705864150378716,12.0,0.5631654967847682,0.026676962334557807
1.1542079259805165,10.29527229165264,4.50655511726777,12.0,1.13408173816703,0.044199488473980905
2.3851544764160675,-3.630597887353657,2.456290380187171,12.0,-0.3730356037421758,0.02209796305961769
1.880002462083724,9.171438745554138,1.6133492196933448,12.0,0.9609430402197885,0.041601534858952786
2.8639256890779357,9.051104906084488,4.0138084335491655,12.0,0.9179939812414667,0.041413303989456626
0.515619362919329,6.410386551591683,3.040184479604971,12.0,0.7872437850967369,0.02670199546623238
2.407525501806114,5.251691868926885,1.1042253961347979,12.0,0.5392195448200399,0.027127238885909153
1.3730029361347122,11.310978383038654,1.9841779130108574,12.0,1.2220637529580898,0.051340329543013555
0.8352863094136025,2.325054709112349,0.9017907353078229,12.0,0.26667221255054907,0.021058024923699934
0.19078202159434604,2.25702402255013,2.935709687672375,12.0,0.32021997280940084,0.019157045348862416
2.7938541913401553,1.8178801290265234,1.1747214609938532,12.0,0.18468140860849777,0.020241036403173148
0.22192394701476625,4.059698188085367,3.7215031635466373,12.0,0.5643798301343288,0.02103199395242611
2.602657549654258,7.276146282269064,2.9997832551800827,12.0,0.7428358678414111,0.033201936659625474
1.2063823853601392,3.0298329998255795,4.869851639152514,12.0,0.3320572615823158,0.02029755500877129
2.6962182854204477,2.930168982375898,0.552385464062403,12.0,0.298405884241908,0.023651092693284262
1.009690059842973,-0.9880569540898616,3.722501291742957,12.0,-0.11060180087391469,0.018371172459847138
2.0275962910080527,4.792515770603043,1.416559921929716,12.0,0.49886293633178613,0.0252975871426593
1.1585297582345697,-0.5876730962441297,0.6551583957662709,12.0,-0.06470733424519867,0.020737989724056966
1.0717143671484115,5.955190578935419,3.3267690802487335,12.0,0.6617847993618322,0.026811822495525085
1.9754980355567529,11.677489754532438,2.955719117460578,12.0,1.218233425499016,0.055454735635665914
2.3490500243919636,3.1275611306744686,1.860647367606255,12.0,0.32172277291623125,0.021403693711185622
0.509673847415199,-1.5640667949206186,2.7829851787189885,12.0,-0.19241009180404448,0.01882006377822936
0.34487681706684675,11.880808625174481,0.747908915686265,12.0,1.5496832515771384,0.0469808635289315
0.7889389208014108,2.241734794926211,2.4223057666848553,12.0,0.2590907596944401,0.019563433543456125
0.5241007847732757,3.9970331814844027,3.095860688333287,12.0,0.48968060840899247,0.02154076240372642
0.8047052444740324,9.976426001867656,4.436196572128238,12.0,1.1499628969019047,0.040688404618803034
2.7778288142148475,7.334761481856518,4.312312416044859,12.0,0.7454404557280894,0.033334409571646226
2.7286533981919576,3.445446485828022,4.087469755900971,12.0,0.35059190796024875,0.021453430725896463
1.8919704210207444,9.807156727328097,4.6489710870934635,12.0,1.026973581918021,0.044082493297448316
2.7286230797646738,-0.025255346374448706,2.381375565213928,12.0,-0.0025698634028140294,0.018440031481169586
0.9486973697684449,-1.0929281406438012,2.520722984804005,12.0,-0.12329878663764432,0.018675600003868857
0.37310521629362114,6.430769492446736,0.541383164932226,12.0,0.8289753905796369,0.029238131690904196
1.1606067647053122,2.1132014899560403,2.558018025267358,12.0,0.2326313451723941,0.01948514733629915
2.650850827771664,4.557556936433592,2.7909262370533723,12.0,0.46468722000390117,0.024186880566423406
0.1818375678499165,8.020111926645107,2.9983172484246103,12.0,1.1449984985136434,0.02925525810413749
2.637431106008076,3.553259986891682,4.7917301506963375,12.0,0.3624186586992615,0.021583812540892172
1.4273504441685694,11.03637942949785,0.8701397971335486,12.0,1.1875181583936256,0.05129992139976593
2.2588930556857205,-1.6469756187521618,1.897677883716206,12.0,-0.16993415843358742,0.019407059614031455
1.6287020766464009,9.424151491724928,2.416871652030708,12.0,1.0006573836687622,0.04189391949807096
0.3617863392197813,8.623349400473874,4.221686547245823,12.0,1.1167647893002142,0.03227267800401895
2.2279303282833647,-2.11138574502543,3.4392342680703094,12.0,-0.2180892607477214,0.01941713986808814
0.47002613104025215,4.819814556793814,4.121122568902586,12.0,0.6001317581835391,0.02276413814793373
2.840578852690386,8.543186357882236,0.9606928541682027,12.0,0.8669508430818328,0.040439143929299884
1.5838637794127617,2.636802538847837,1.9899871742528663,12.0,0.28074061700330005,0.020432903334637917
1.97144963210257,3.763266069935641,0.5806937815908151,12.0,0.39266532995268316,0.02490414923907967
0.14205708441724943,7.927892987185187,4.655798504783656,12.0,1.166626371524267,0.02845505168292433
0.49798536319205855,9.784899902445149,3.7358650464619854,12.0,1.2078892750559844,0.03766069090196113
2.470477695318917,2.2976641870411054,2.120833059182656,12.0,0.23546045362275564,0.020024230004992948
0.268642479045675,9.393864202408748,2.7719015407080305,12.0,1.271187755203484,0.03429246517590083
0.22173726872725294,8.99734228146583,0.5438607092888872,12.0,1.250956770914899,0.03549323114450928
0.35114980602927337,-2.10203369863207,4.025797383660388,12.0,-0.27344261487775656,0.01893566648858025
0.6055669220788493,6.70140603793728,4.631570616925293,12.0,0.8038054197582812,0.027597948759668728
2.2767681330151195,9.180400063972334,1.6574679373059882,12.0,0.9466444639989378,0.04222997693643951
2.028934231724847,9.392705951967189,3.657741285916248,12.0,0.9776518249903396,0.04229305399270702
2.3932561693397054,2.690483633968192,2.805923740110043,12.0,0.2763701922205155,0.020336546734816194
2.3092639523096667,-0.5517265130578242,3.500473597224115,12.0,-0.0568290682115817,0.01825609804425945
0.28781465803532363,-1.2673321221143947,3.0762504673902415,12.0,-0.16978856261619368,0.018544242262228724
0.8169761669724505,9.641317032410457,2.86358137677017,12.0,1.1090824837286315,0.039515004445607876
2.7932495777195965,1.336366750056488,3.158655118911522,12.0,0.135765662725055,0.018740345795015108
1.652796313194359,8.893084529704334,0.9813964366913047,12.0,0.9429317538214858,0.04058819440743999
2.1415633409186268,5.731748281002792,0.8977374634548558,12.0,0.593928498747285,0.028886935733450116
2.9333970332245776,-0.5234344400782174,1.9096755396117129,12.0,-0.053004980940097715,0.018725427308838055
2.7880217168501074,2.7151091430775054,0.8999761590174934,12.0,0.2758713184510706,0.021915432201757762
2.7878315837624434,8.90801916737669,2.2028572126440467,12.0,0.9051121689522389,0.04103918125900127
1.2900710217716833,9.921945649266974,0.8671085222613325,12.0,1.0792581902445328,0.04477729154689437
1.653585461248509,1.644251248273596,1.2476191403258055,12.0,0.17433159768845635,0.019919291829124254
0.2948392579210028,8.487565258581679,3.6746847595523695,12.0,1.1330994690702383,0.031390742605558644
0.23839923808408892,-3.0839684468406023,0.6086734599678213,12.0,-0.4244847882577589,0.022574455789500392
1.650067577506424,4.460253994364859,3.150019655403335,12.0,0.4729948328273543,0.023503314086951027
0.7671147476545469,-1.7854690182091275,2.0715172077120227,12.0,-0.20714538188781367,0.019282553957773257
1.1218023564042368,11.399317446397488,3.8829578692330786,12.0,1.2598968719548607,0.049983655782437256
0.8232501776989357,7.173925711835363,4.105318523670167,12.0,0.8244047574952371,0.029854714720380045
1.4538871675229785,1.6719329046155575,1.0211026930172038,12.0,0.17955640640080708,0.020281905668504074
2.789210242602718,11.38220615191181,2.2988298087577586,12.0,1.1564668579167579,0.05525708389970789
0.767912938803642,-2.396911082173414,2.095143235390403,12.0,-0.2780438177136769,0.019847207244648644
0.33649099400749916,3.186744974522087,3.369083486605201,12.0,0.41719569737522366,0.020106185932245054
2.8644581042225914,0.9370642819659221,1.958164007440269,12.0,0.09503908984179989,0.0188712717955967
1.9476632927827937,11.878896807696144,3.4101913077862593,12.0,1.2407640283085928,0.056577160064522486
1.1738806354527596,-2.5845603781897477,4.246370649740897,12.0,-0.28414630101960736,0.01972540530421646
1.5584362234463287,4.441547715182297,2.01186767269351,12.0,0.4736500477306901,0.023765150345661866
0.3809860479445317,-0.43464576092019414,3.149194301870849,12.0,-0.0558535591755555,0.018271521924008653
1.0021627976585048,7.1275366182608,4.174885003913859,12.0,0.7985863635203253,0.03023006506593843
0.21202680017023562,3.530289563285777,4.925072916602712,12.0,0.49385371779227744,0.0201804029934893
0.5352402590044407,9.646988973803785,4.407752188362974,12.0,1.1781937251486654,0.03733554397189034
1.4755672456228435,7.4579161279466355,4.885130381193438,12.0,0.7997191248266782,0.03244083709185967
0.3392580206971899,8.180552072522353,4.94684392718427,12.0,1.0696573137773817,0.030626937514697562
1.0379526272114983,1.0354445884521546,0.7899186294481134,12.0,0.11551386479935846,0.020390373949182333
1.817320906101249,-1.4989457609187458,3.1874330888684597,12.0,-0.1575312838056205,0.018832217569549312
2.6002972497863697,2.1810618016851766,0.5521622465002374,12.0,0.2226831937341201,0.022563977888110813
0.7627440441492742,-3.400913068470066,0.9218557670678026,12.0,-0.39487292259410595,0.02236776463049444
1.1522462647876341,-0.10433705436345875,1.172682747155325,12.0,-0.011495586657891459,0.019308176503951478
0.9040729571251456,5.8286198578078245,4.919609064637617,12.0,0.6616214441892562,0.02594405060486744
0.9303778246911784,-0.7709494671175268,3.503377753439114,12.0,-0.08719075427559049,0.0183106617135732
2.884430637834388,-3.381396284146307,3.380417165329186,12.0,-0.34279104931930326,0.021447636438305977
1.355945421911375,5.013990145026499,0.7245200156465336,12.0,0.5424483139589924,0.026776366128092415
2.4473333603823395,8.488132985997458,2.457638292913648,12.0,0.870454969719186,0.03860754795461382
0.5343081027646299,-0.9736538340367495,4.085006195047635,12.0,-0.11894365134100582,0.018285933822263723
1.4380400669920208,10.770174916870142,2.527425722065895,12.0,1.1579733164193744,0.04833953104763809
1.455969533484081,1.4676821644567788,0.6473309855505546,12.0,0.15759767971074526,0.02124708733637059
1.9047541983735412,4.485805281023978,2.140956659741285,12.0,0.4694601113097509,0.02399035922312716
2.050937537403937,6.1277209192818525,0.634153821266244,12.0,0.6372329967606197,0.03104655033702967
1.237804692216315,4.774603529026319,1.698822942336823,12.0,0.5217550390133284,0.024487276412690755
0.675030531941823,5.32103301482948,4.382193167081812,12.0,0.6283984388982073,0.024239379089634156
2.839744137883422,-2.3446567625182,3.67772302195341,12.0,-0.23793721894393463,0.019707246822520327
1.174247543621635,4.004500557948209,1.698386173819115,12.0,0.4402384877326737,0.022749475668434917
0.4623505883825624,7.997394940229226,2.9753779178874478,12.0,0.9982405088859038,0.031108794091510295
1.670969208699943,-1.7364731239333757,2.3065639146805927,12.0,-0.18392518868303284,0.0192673828928977
0.7000023419521215,10.85963305697437,3.66026411895401,12.0,1.275955142990827,0.04411684342342588
2.4221875121872145,-2.9848844664682996,2.4976037439282797,12.0,-0.30633466175608626,0.020895060702559327
2.1030780965114815,8.47987158501164,4.427342903869024,12.0,0.8799983767777699,0.03783169836678734
1.8398015966829622,2.1912959084665022,4.672611215744769,12.0,0.23003812223153805,0.01932300085262597
0.14484053417987752,0.6983156873300835,4.354661110583272,12.0,0.10252813004590267,0.018140338237720374
1.3254032343394084,9.592604540502586,1.0779126958689937,12.0,1.0403525313612583,0.04283132750723931
1.7012711163749858,9.134407451977996,1.769544265274293,12.0,0.9658567033661569,0.04094371288613154
2.3150946453803725,5.712393160952676,4.570814400813774,12.0,0.5882746016102134,0.027125042335351776
1.0886427647150023,2.0995435339210413,4.72301460127738,12.0,0.23287833077691203,0.019097440753591825
2.8133259419229857,8.633668056331215,4.78075790673524,12.0,0.8766982911501527,0.03920005657731515
1.3946910221282345,-1.5890261576766207,0.553184171418221,12.0,-0.17139635162676517,0.02186345241040248
0.3499222450598184,2.3996151159908408,2.049789211881193,12.0,0.3123169973449038,0.019668178663769735
1.3643991559875215,2.7403652537852725,2.4729341812320538,12.0,0.29627424893573095,0.020327641809600703
2.5392779205321405,-1.4556860262040594,2.3064858279347744,12.0,-0.1488768717337054,0.01906339954217751
0.645474173574667,2.4519039480559623,0.628820950759102,12.0,0.2914099841694277,0.022079950859875137
1.0352218723786708,1.882235422682717,1.6023911331035352,12.0,0.210049187848969,0.01970171547105722
2.9348549900489456,-1.7057949725136794,4.752535884095741,12.0,-0.17272976032286635,0.018850599485036375
0.3129582470298138,-1.6275545781541556,4.5906636001798935,12.0,-0.21537976474928086,0.01852794046239212
1.0827806639101798,11.448293506999633,1.0850516783343453,12.0,1.27064944809919,0.05133743466808416
1.3742051231549526,-2.8998905998247206,0.7238530593292136,12.0,-0.3132815079425377,0.022514860654816126
1.4957975217262514,-2.017929232652383,3.7025800230532306,12.0,-0.2160835262109932,0.019199435996173485
1.6904423158407613,11.46850344486406,1.2928932676722376,12.0,1.2133926681026794,0.054124871272237585
2.0866321754389214,11.20522729400874,1.8395830995066558,12.0,1.1635771204551155,0.0531872587091273
1.2338423773682423,1.366551536004856,4.9953905214521095,12.0,0.14938679349820366,0.018467803062297696
0.20000831837710126,-2.3553696288390533,4.473908214139424,12.0,-0.3320919648760397,0.01900696593096553
1.0822677070510722,5.738564152221057,1.198279006764257,12.0,0.6369611053958959,0.02728198986032633
0.16163326810501122,3.009555480657479,2.1724998936680397,12.0,0.4360857984749008,0.020045310449263467
1.5525951460914023,11.232912535756759,2.3325718892837473,12.0,1.1983342142858602,0.051509247220983226
2.620489574806581,-1.9466340438663767,0.7662793444346753,12.0,-0.1986394160394914,0.021279740337741423
0.3441884868700891,8.451468937991113,2.7016646003306617,12.0,1.1027035203250741,0.031849473507481484
1.2795821086316927,-3.6026483243371192,1.361113804379244,12.0,-0.39223109030147496,0.022342851794874517
2.747886624382859,-0.6775528153255834,4.1768916297004655,12.0,-0.06891131124189204,0.018209005875562078
2.5078807335920463,0.8084580869781366,4.492642634658087,12.0,0.08275797238003929,0.01822885151724914
2.241094345870612,-1.3691633012573234,3.292426826371372,12.0,-0.14135768472430524,0.01872742888731763
2.1608135447166723,8.719526218384209,1.501459689875246,12.0,0.9028680245766986,0.03992209416187288
0.12237899007689315,-1.2225875185194681,2.8449421332864864,12.0,-0.1829372857422083,0.018547163627224677
1.3636949491452783,3.3719412193546052,2.397728334829025,12.0,0.3645771571176527,0.021339131520400217
2.6794770235658913,-1.9305263718756809,4.659861556298161,12.0,-0.19668821697072564,0.019083568940211765
2.1944188816017114,8.416248451941978,4.701174807689913,12.0,0.8703822129755955,0.037620256271967425
1.1206247272548102,6.740340122728378,2.9342675290201576,12.0,0.7450609361345109,0.02942118953780896
1.7257288933318726,-3.2159619067100724,1.669919662800117,12.0,-0.33959441805712376,0.021557793127518658
1.8956180181581512,-1.1256195569679228,1.619253464658322,12.0,-0.11785117467782269,0.01917843553669951
2.604580710036567,5.995808806413409,1.3781175025292636,12.0,0.6120915957622961,0.029193555658858575
1.6910802630917292,2.7601001420951246,2.505534016789956,12.0,0.2920141720954571,0.020424322907665052
2.5776424732016654,0.8337868640227981,3.7530262510824084,12.0,0.08518159391079957,0.01832883087102513
2.23678926399384,6.074478658252536,0.6531005275243534,12.0,0.6272478691344586,0.030894871228168717
2.990468727353275,10.148458443711847,3.7103878885408608,12.0,1.0263926161010481,0.047552464915815426
1.089496616240345,3.5131634241886687,1.9233228724795821,12.0,0.38963847070528085,0.021647460384762014
1.5954915150544589,-0.4280637607407147,2.1263073634849388,12.0,-0.045543233917581194,0.01858883486504045
1.929949527437805,4.5427404207866395,4.998046629224212,12.0,0.4748715772221266,0.02360693141335015
0.14315342331746028,5.538891729243028,1.3355289398605963,12.0,0.8143452849392881,0.02419073325619463
1.663567917780768,-0.6467841437018311,3.8852808164853307,12.0,-0.06853568136608544,0.018225705363826238
1.4631843747399642,7.714350845641659,2.2600522761071535,12.0,0.8279338810351132,0.03390102177719441
0.9082665984716256,4.677202927289782,4.406602123153509,12.0,0.5306043640710415,0.02317052496075899
1.8852865060648363,6.507875791898389,4.106660991000292,12.0,0.6816969958317294,0.029552715920649553
2.191736263664699,3.24909992530176,1.396227112956687,12.0,0.33604475244942683,0.021952289660542433
2.043645136759362,3.0189959617292494,0.5458479064329489,12.0,0.3140448532715091,0.02376114572221271
2.7284326868677655,-0.6378314578810542,4.948537056715836,12.0,-0.06490299337823098,0.01811944953445757
1.448584182221736,10.26593337693535,4.958945400729781,12.0,1.1029219709528546,0.04525135616255863
2.1650169967902313,-0.8422862800712814,1.599451099562764,12.0,-0.08720126947905948,0.01904633990199676
0.6205297487893037,-0.010076301931475129,1.6227814115153574,12.0,-0.001204359787203847,0.018832473627171296
1.993357353634541,1.8167240493477816,3.970485663921355,12.0,0.1893804151371832,0.019004744840242362
0.4828038277479483,11.568847187912906,4.119754963151242,12.0,1.4347143069115555,0.04519712948033528
2.4083403585654826,4.8301118915216,2.474625970881682,12.0,0.4959210406461257,0.024935383375758822
2.454729338763826,-1.6613363736141196,3.7991274433540534,12.0,-0.17033129297836774,0.018900279278807317
0.5038873664794549,9.432511987868807,4.797755747316006,12.0,1.1623496977408152,0.03620778473442489
2.782340470236933,0.6454543532827426,4.119981751902778,12.0,0.06559107361324458,0.018203710106995636
1.5184978229433763,-3.6648244046638183,2.5141591454716035,12.0,-0.39183741239933917,0.021899220566840877
2.748372720803044,7.716530090408886,4.395006684806444,12.0,0.7848093415138345,0.03494049012267094
2.6086432568527393,11.38664082611218,1.9530672142980734,12.0,1.162294514369673,0.05520875182635783
1.124870587817861,10.317092274814078,0.7779643568148747,12.0,1.139917957641168,0.04629112862710124
2.2140538099674005,-3.3966870784803316,0.5308539161465973,12.0,-0.35102488845854973,0.024562827829801792
2.6564282405533928,3.3902616586453753,4.077927054828739,12.0,0.3456191893532496,0.02133943893430781
2.996932213518027,-0.9459570326936131,1.6338837433563662,12.0,-0.09565875567906552,0.019079677139104377
0.8348189835199366,0.8528979537733594,2.3277205711042663,12.0,0.09783042382037699,0.018626075992212925
2.3880557962938305,-1.0033416317487909,3.6380511586305326,12.0,-0.10308157347360172,0.0184311224843871
1.2223885274899506,8.544673594344136,0.6030265882294444,12.0,0.9350597249606227,0.03915580768549695
0.29733692145592544,0.48377859349887586,2.8160839735878906,12.0,0.0645050721099891,0.01835330533630277
0.9143074022979429,11.453817853474524,1.0454861423295914,12.0,1.2982679444752534,0.05024384566745598
0.5617332696853993,4.398756352917337,1.0628740816955533,12.0,0.5334185266214427,0.02353396501994652
2.1942648997254284,5.153133552959263,3.067155289422658,12.0,0.5329240259803041,0.02559794056474633
1.6813744328659705,8.605432384422306,3.787875951212899,12.0,0.9109384649646107,0.037803429695376284
0.5407599361264677,6.89065348846786,2.1270544292725093,12.0,0.8402877390492344,0.028400184145290813
1.8535429146674718,9.796443277798906,1.4644935763392704,12.0,1.0277257184514084,0.04487802941075395
0.5664099199664999,-1.9626204454767713,2.6076531844275124,12.0,-0.23770977216127542,0.01917517355682517
1.7589836756219108,3.9289623433915377,2.3436009964762947,12.0,0.41414867078062223,0.022586236140158856
1.097340699119772,4.759634873695006,2.7235379502204506,12.0,0.5274304557362144,0.023863449629591565
2.2997979789325247,-2.253725958400283,4.702067480108647,12.0,-0.23221273070159137,0.019438734131561212
1.531372312427231,7.721921647519073,3.3679036147829375,12.0,0.8249145540226871,0.03377347719226538
2.489305257322803,3.263873333028826,0.9302214173183004,12.0,0.334288947748601,0.02274136616689832
1.120344072432634,5.922449579475867,1.0534433509653867,12.0,0.6546726462347795,0.028098259985016
1.2743722710923817,9.8139128341967,0.641076935281636,12.0,1.0689531546355568,0.04499043316895187
0.891820231872793,7.334955618379167,3.2252415364429567,12.0,0.8340811348455895,0.03075113851189725
2.1117106677388446,8.338141939657735,3.9759953815932234,12.0,0.8649985330081805,0.037237999573300845
2.7904620339329025,0.6850540316423075,2.7042386004775754,12.0,0.06960146811056529,0.018472842608938632
0.30460928227925055,3.156235728774739,2.3430663689229227,12.0,0.4193461626542709,0.02029592538012843
1.7933579461077207,10.771241520346942,4.506006608524102,12.0,1.1333690451039233,0.04920445182119209
1.6485733132870453,2.224320295170461,0.6325268393979948,12.0,0.23590218991537382,0.022071962527070225
2.542218787350847,3.539047063578135,4.8540035250123434,12.0,0.361917424773421,0.021536872146044134
1.482723025703933,-1.9187093062986822,3.387630055499061,12.0,-0.20564301431284643,0.019146459021117078
1.9293378640887113,6.7057469243474905,4.215790629813694,12.0,0.7009990444845788,0.03029101981748736
0.96435325644058,-0.3800350116225033,3.9630053968673034,12.0,-0.04278512641544602,0.01813891289335101
1.8887129828611011,-1.3676185366858835,4.48238569172677,12.0,-0.14323438944827427,0.018552684715801463
2.4799455955805354,9.91128034973686,0.9685011272399051,12.0,1.015403698388318,0.047237917281792975
0.444270064854526,-1.169529278552341,1.9401920229246916,12.0,-0.1468572384332368,0.018903044565166238
2.047863831527577,5.42784478967463,3.1905888110163128,12.0,0.5645226150469206,0.02630097940202415
0.4401203462784481,0.25872689772657864,1.8185800417131817,12.0,0.03253401549265102,0.01871305527428524
2.3643040001649256,3.742550540347345,3.1657708383043985,12.0,0.38479480115049985,0.022142189171354795
1.6132881288657748,10.678198777383288,4.554761248513807,12.0,1.1348603886496542,0.04811535147899909
1.8628327584769158,8.38511369746892,3.5293788761279368,12.0,0.8792728915146069,0.037165613008565385
1.2564216028740873,8.284116781579977,0.7775254074371981,12.0,0.9037504510509233,0.0374151381703684
1.4964060409384932,-2.5189424480799403,1.0540221752168113,12.0,-0.2697217654390633,0.02114818320127386
0.6144266328561219,-2.287570388267234,4.880805467063712,12.0,-0.2738092880829485,0.019128146416951264
2.4772386847837145,8.333627758874488,0.8170155937826376,12.0,0.8538429612907527,0.039539161910039866
0.8150921215923355,3.656898007996146,4.291115972394642,12.0,0.4207988138904264,0.02111675505198867
1.8469678926517274,9.546554492658771,4.939882394887452,12.0,1.0018293924157793,0.042598348815440515
2.0872543757789885,2.0079285105243407,1.2298427335213808,12.0,0.20850285983169758,0.020334104438707014
0.9577840731019014,6.0671048745045155,3.6682753559659314,12.0,0.6836361328665402,0.02685973402266338
0.44964768502868446,0.28129979725310683,4.136111625688054,12.0,0.03525897036605664,0.018099334145341074
0.560961960052687,2.416478516361231,4.781467271206774,12.0,0.2930951351736219,0.019240844684923823
0.5133570907476105,3.9724691290963126,4.293928928236291,12.0,0.48816748742129973,0.021305357633977
1.484829593569651,-1.2035846207267848,3.8694196792673643,12.0,-0.1289788092109407,0.018493182036862742
1.0963897211249358,2.186465622552726,3.9666177790234984,12.0,0.24231433233602342,0.019270777186856505
0.5286929676981752,1.693146322003697,4.0015113550352925,12.0,0.20716154050484212,0.01869215026788682
2.6895829818369434,-0.1488502844560866,0.91000726105125,12.0,-0.01516137576124388,0.019804055081554677
0.8448837297019031,8.147431326113422,2.0200254822541424,12.0,0.9330561502998636,0.03385939870459356
0.10095523049920033,5.704414793511356,4.348221995498277,12.0,0.8705160474664055,0.023284076862271443
1.013594912976696,2.932648746917442,3.8205537207580744,12.0,0.3281204408736426,0.02018583216870182
0.8475359700253783,5.18701653113439,4.782184667753429,12.0,0.5937789063746249,0.024211601345235277
1.2484878648697675,3.158979588761431,4.285629940194705,12.0,0.3448712345222991,0.02057068794083835
0.7862206508592255,1.3138374205348367,3.434167982786917,12.0,0.15191903661873601,0.018572884605723677
1.0804020114274675,-0.4584734801349626,2.9000696325360686,12.0,-0.05089953148448626,0.018340765320781476
1.7133162007988076,7.190717030858707,0.9852744424061286,12.0,0.7598290418007146,0.03341219638675464
0.2954077924890971,-3.786721900137964,2.4521892432900194,12.0,-0.505388773008143,0.021053188403839518
0.29797873139629943,-2.3751586078639875,4.8287623596167855,12.0,-0.31659371177774026,0.019053449491327996
0.8391125310053471,5.0762064189532925,0.7088864753060613,12.0,0.5818627027051471,0.026339236956930655
1.378141342822056,0.6275309550161907,4.839332896109305,12.0,0.06777287822402013,0.018114105503152938
1.6283641526358972,0.5956756957031679,0.9220131485161507,12.0,0.0632501790227395,0.019862915283446133
0.9819539916402855,8.299121315120942,3.9450041539028704,12.0,0.9322144767474879,0.03450531565113871
0.1835884272273166,11.864727511962123,1.0838277288357896,12.0,1.6917835085625843,0.04352354888395811
2.6680253105092895,4.512087329553026,1.9233764044007933,12.0,0.4598432314716952,0.024397147020508745
0.9268493598519255,-3.9586629825795843,1.8782518458695783,12.0,-0.447923589519256,0.02234717528947832
1.551845882512994,5.62246293411682,2.097942244435082,12.0,0.5998367574445279,0.026833220005157886
0.3801797055525763,8.093819258566413,4.364291623836758,12.0,1.040416278209949,0.030688718623526807
0.5141838091444971,-1.0983712936852026,1.3139664495651306,12.0,-0.1349440703181482,0.01936986233735692
2.055018801381982,-0.11330049021436395,4.421065060566449,12.0,-0.011780364238495935,0.01805589948260221
0.7912718917029017,-0.6651908873273946,2.187593899770229,12.0,-0.07684941957216848,0.018614494873474666
1.8735705126623152,8.54696059053752,0.8219292676619345,12.0,0.8957855941883832,0.03979048231706826
1.622898580251908,10.897359056670851,4.451673014203792,12.0,1.1574834348165322,0.04940591006264114
1.6419199112702638,8.840483378031701,3.9521148026076585,12.0,0.9379502970247016,0.03878526239971893
2.709801322613848,2.141528963556814,2.5121605633328192,12.0,0.21801566589903362,0.019694952445042345
1.4715456976808883,8.497645521754537,3.4426599444099155,12.0,0.9114655539100917,0.03690697477275543
2.7499453384727923,4.732882431313774,3.5476250858613985,12.0,0.48133878000688984,0.0245162179603981
1.8438774088533065,2.5553917667527326,2.299471740874312,12.0,0.26820686875374933,0.02023144317322828
2.252632826550243,3.3022241607109493,2.967334280193095,12.0,0.3407962846716451,0.02130066902555061
1.4658767619181847,-1.8596614353607013,2.3170006986724494,12.0,-0.1995482476627621,0.019359366369511036
1.9395188023496404,11.548356816089777,2.6554541651106205,12.0,1.206677842305042,0.054614288796411566
2.7072599986631,9.176218537235293,3.6649912870014636,12.0,0.9342339440229305,0.04199042171544545
1.8109068775633306,-0.6636323075515023,2.3677359094908215,12.0,-0.06976663063939455,0.018563160437036725
2.1233194042801333,6.31862747018897,2.3183029308134793,12.0,0.6551992451945288,0.029459282024053117
0.662470586484869,-2.3164578712095985,3.9731748500106874,12.0,-0.27429544655925436,0.019270122467425852
0.32792570042766545,-2.4773153421475484,1.8151271571127954,12.0,-0.3255676484416179,0.019852124355302418
2.8633490110693667,-1.6550559263098261,2.0562905501910542,12.0,-0.16786366718617513,0.0193521872010541
0.6311611139713216,5.124812392882994,2.4245526525315997,12.0,0.611044342447652,0.024072437521732222
1.008852506496208,1.1040978541697815,1.5253213631260483,12.0,0.12360394403764209,0.019203209991302723
1.2819952015024565,9.382528528510118,4.419448815126086,12.0,1.0212910119817509,0.04026379851438759
2.469403299225432,5.724223337774195,2.3008322556865446,12.0,0.5866268492777676,0.027662190134977734
0.9603006056962177,9.698314135099295,1.9774341388616659,12.0,1.0924358531548068,0.04089227318036902
0.5558270997698354,11.411342699430001,0.7797787907231177,12.0,1.3859526359225314,0.04737212306079616
1.339650178438616,-2.1900308719926755,1.506331744872301,12.0,-0.23724162794553957,0.02014878512942174
2.49300597304556,1.1960651620833556,3.216987166566,12.0,0.12248875699874537,0.01862347049793588
0.2277108217291561,2.401754253662965,0.716955433019161,12.0,0.3327064011990122,0.021406584365628423
1.6474624437001792,1.8536343829546258,4.870960913365994,12.0,0.1966015299101458,0.018920273472257814
2.141717097619057,-0.17345722868997626,4.980719680049526,12.0,-0.017973676411021784,0.018009845001575604
1.4528839065731693,7.315697608407751,1.1354277160032076,12.0,0.7857218224594051,0.033206606828074345
2.630348511007289,-1.136852479823979,0.7264321319474432,12.0,-0.11597650013361378,0.020718165510494678
1.2055958992654097,7.2701760953251515,2.389069127346658,12.0,0.7968407051947786,0.03160250946593267
2.1501985659034495,2.2210109375649623,1.6960415097716186,12.0,0.23006765427455916,0.020140177784051513
0.5894329965749542,4.477708052736762,1.2438660453543238,12.0,0.5391899332846535,0.023452686600634216
0.4953341482726461,6.502966037349772,0.9630100338211456,12.0,0.8033918845905895,0.028290828445270297
1.9386734516258837,6.3731941832742205,2.6952218295992614,12.0,0.6659548149972563,0.02938504455474742
1.3471654857936786,-0.14767401918626177,4.445677409138323,12.0,-0.015987572351968064,0.01805543338439511
1.6658398243124155,3.45629249830667,4.936883758537479,12.0,0.36619395404112437,0.02117396313736257
1.8881717735597925,1.3888980386214893,2.024628202347507,12.0,0.14546673746956568,0.019110190534260146
0.9157192759803442,11.665456971629578,2.285490880100742,12.0,1.3219946544169403,0.05036337464602597
1.5172458283969388,6.065534538420383,3.439306315845296,12.0,0.6485716632541116,0.027777618474191867
2.538961743832643,1.299191481709098,2.2284271732039262,12.0,0.1328729570280496,0.018972451948409044
0.3625363190015076,-0.003468793723405028,4.574495130702138,12.0,-0.0004490858682248831,0.01803720901587905
1.756556329145879,-3.7895030362121407,4.06921457241219,12.0,-0.3994994276524713,0.0219352779363132
2.5018674338775035,-2.7253224300174548,3.158903707985186,12.0,-0.27902712119872325,0.020319877118928884
0.1601129383152599,8.994034108506044,3.4653764957060478,12.0,1.304751955447699,0.03177913719947942
2.174835526175088,-0.1632076417839219,3.7076102106860263,12.0,-0.016890592612878626,0.01814679104097182
0.6853316184183664,6.275317054703363,3.4738413929521106,12.0,0.7395154599701681,0.02680541878206468
1.0637396626191913,11.217305401792363,2.0792689924061714,12.0,1.2476736181774895,0.04906204275135114
0.1109098823127435,-2.0664276725511,2.933180421374628,12.0,-0.31241099858140314,0.01897299186904123
1.0892876970126704,10.947104910258874,1.829913163758468,12.0,1.2141510397904736,0.04789427763335152
2.522194109234756,-0.9665066661953166,1.7767681720323165,12.0,-0.09889562311275649,0.018988312989567865
0.3325328125064398,10.163920044033015,3.533284098290526,12.0,1.3329672777536865,0.03757862912271023
2.758872630480984,7.658271253539624,2.4230710781310947,12.0,0.7786814835044903,0.035062569402224145
1.3472137712768717,9.137697942228781,4.283426313232585,12.0,0.9892670591139724,0.03934839105450064
1.5339435619837434,1.6948501943329912,1.4902873100866723,12.0,0.18102633144645552,0.019692788651734197
0.9267089590692041,0.6351840552283381,1.6737617150886988,12.0,0.07187260840510613,0.01888971418656747
2.8125676558630572,5.4671931452644245,4.392654273166327,12.0,0.5551714118038261,0.026548851249037032
0.6740689200521643,5.8910984341013215,2.1113256211872287,12.0,0.6958616625890078,0.026123556135097772
2.359355531476435,9.757154155187521,4.875277020382623,12.0,1.00335358548534,0.04458254775393325
1.6264255708023658,-2.0512821854430037,1.0952606675623417,12.0,-0.21783488972307813,0.02053753832105551
1.0141850948588498,2.4785381469415384,4.357176070719963,12.0,0.27729220404466925,0.01953230829148397
2.0672271786390994,-0.3991605365647839,2.986109348924258,12.0,-0.04148198472574977,0.018313490872292434
2.3994185024805934,1.7124193750904926,2.91505856617537,12.0,0.17586797352091557,0.019106157309565913
2.648049928732366,0.21736404895569983,2.900392851045478,12.0,0.022164021709114735,0.01830291310242229
0.2799230957243408,-2.081894354440509,1.3209162052097911,12.0,-0.2800506463569438,0.019903983553421663
0.15354354945551305,0.8858866414345794,3.9899631348145888,12.0,0.12916968192230352,0.01823257453172486
0.8873943068382585,11.91835116007759,2.316097695080801,12.0,1.3561495421030885,0.051510156658244696
1.0541423549520064,7.075171157001144,3.318153022109038,12.0,0.7878181471359669,0.030312199723317796
0.8777844591172733,5.442077769375542,3.3876150250420283,12.0,0.6201146921686517,0.02506322067571724
0.6477084430510677,8.80254208409586,4.40460032862219,12.0,1.0456706484160039,0.03481487744357564
0.9151169003816585,6.30314533912378,4.670376509204317,12.0,0.7143679872001443,0.027336670400103347
2.219891987909444,3.425112417604822,2.9174857770517093,12.0,0.35388828406770695,0.021535631699859982
1.141516824528935,4.26159748962969,1.4272943501153708,12.0,0.47004504672579633,0.023472163290096413
1.8019407870054942,-3.2252241707712184,2.8641720884047768,12.0,-0.33921594503333846,0.021094240984760343
1.698829892860747,7.898040067976794,4.995966889785943,12.0,0.8352385846041726,0.034603373999913575
2.4663489331408823,1.715274455291791,1.8145128074595334,12.0,0.17579992558318777,0.019527558344919975
2.032665905619969,9.330809068217883,1.5640823179774832,12.0,0.9710585951733961,0.04271402491497763
2.4831724076348105,2.6034289975513225,3.8313474049895984,12.0,0.2666939541861762,0.020024730431788998
1.7031212994093443,6.907020523379474,4.507308710603299,12.0,0.730261688543638,0.030747062559803418
0.24382807684130872,2.9780714644529596,1.3789234974155873,12.0,0.40861131747181384,0.02063059368005297
1.1522697276387477,-1.512996068867622,3.707749850990022,12.0,-0.16669759617229135,0.01870409849742308
0.8995796828471356,4.307350706453269,4.790811200570624,12.0,0.4892531965048341,0.022347354729287186
0.7035165153721658,11.437565477548313,3.0357337143788437,12.0,1.3429182493047043,0.04710039838800937
1.9847311039980366,-0.0647587164196235,4.481685127504252,12.0,-0.006753135725757307,0.01804740485972568
2.5023789399184246,-0.94070181828552,3.5786883878524054,12.0,-0.09631058430382212,0.018407490390757484
2.345783638665055,9.490595203535038,3.5045583516586496,12.0,0.9763728172781072,0.04329392319350431
0.9879292697303438,2.083527820630893,1.1084979009001563,12.0,0.2338590060088404,0.020439219292943345
